V1,V2,V3,V4,V5,V6,V7,V8,V9,V10,V11,V12,V13,V14,V15,V16,V17,V18,V19,V20,V21,V22,V23,V24,V25,V26,V27,V28,V29,V30,V31,V32,V33,V34,V35,V36,V37,V38,V39,V40,V41,V42,V43,V44,V45
10,7,2,1,2,30696.61,19.71,337,337,347,86,633,1933,676,1117,252,267,672,48,38,61,77,61,55,63,75,70,53,51,34,48,48,62,59,63,73,65,66,83,80,75,80,78,67,82
0,0,0,0,10,245.62,17.79,50,41,70,4,19,182,76,280,107,131,130,6,8,11,6,11,5,9,9,5,9,7,7,10,8,9,21,9,16,12,14,14,11,18,13,13,11,6
21,15,8,2,4,33139.06,20.81,363,353,344,71,612,1802,581,1202,386,344,603,50,57,70,64,64,70,65,72,58,67,43,57,51,47,60,68,43,72,47,73,61,75,76,88,79,74,87
3,2,0,1,8,31404.68,19.18,406,310,344,57,615,1931,769,1362,392,387,689,49,60,76,74,77,73,49,70,43,36,60,38,54,46,60,58,57,85,78,68,79,80,83,78,74,82,82
6,4,0,2,3,65545.91,20.01,275,278,293,62,445,1503,563,1047,310,349,573,34,44,45,61,53,49,45,61,36,42,52,47,57,51,47,55,41,51,68,66,66,51,64,64,54,61,55
8,6,2,1,7,51473.51,20.47,504,414,424,72,657,2256,905,1651,540,516,936,67,90,81,108,85,80,84,77,64,69,60,64,69,56,76,70,83,80,92,106,94,92,96,89,99,96,106
0,0,0,0,40,645.03,18.53,224,223,212,116,488,1116,366,842,303,288,714,26,39,34,41,55,43,36,32,39,35,34,27,46,33,37,37,30,31,40,45,50,50,40,66,50,51,40
7,6,1,1,9,36100.9,17.13,431,373,454,122,961,2779,1083,1641,428,511,1030,56,78,83,76,82,73,74,68,58,55,64,58,67,89,65,78,84,83,91,102,95,118,107,123,113,106,88
9,3,6,0,3,28467.74,12.95,179,130,179,63,512,1454,510,774,203,207,655,24,26,39,27,37,24,23,30,18,23,17,22,25,23,35,30,34,37,55,46,48,59,48,54,60,52,62
2,2,0,0,5,16658,18.43,433,323,355,135,858,2390,837,1301,323,302,945,54,65,66,84,86,65,77,72,58,41,36,42,45,61,63,65,60,71,89,77,66,90,77,107,96,90,79
14,7,6,2,14,32389.25,13.54,465,350,451,140,869,2862,1226,2447,886,766,2112,62,74,87,92,89,74,74,63,60,54,55,72,65,52,86,71,89,89,97,101,110,115,116,140,134,123,116
19,3,11,6,8,22525.78,18.48,253,222,377,50,348,1289,415,1072,462,402,639,35,53,49,35,41,38,26,40,36,35,42,42,60,64,45,59,71,74,87,97,73,93,83,82,72,72,52
18,12,5,2,7,46439.66,29.81,513,707,617,90,755,2342,905,1542,389,441,1254,60,73,89,89,96,87,101,115,115,95,151,136,165,113,112,87,85,51,88,79,65,67,90,88,90,70,79
5,4,1,0,10,14855.92,19.7,596,472,492,187,1126,2941,1065,1797,393,485,1267,85,73,106,124,116,101,92,97,76,73,66,70,75,68,84,74,86,110,115,100,110,123,131,123,129,121,111
2,2,0,0,3,33909.92,14.57,370,251,335,101,740,2277,859,1418,393,432,1013,73,64,63,57,82,38,39,48,31,39,46,42,37,54,52,58,70,61,78,88,88,92,95,88,75,84,76
7,5,1,1,2,25830.36,26.29,326,378,396,78,642,1753,640,951,210,253,661,37,39,52,55,75,62,57,60,61,54,65,88,97,64,61,51,69,49,44,55,38,56,47,46,68,49,61
19,13,5,3,10,16323.92,17.22,476,404,489,182,1098,2991,1045,1719,433,509,1282,70,71,70,94,85,86,97,66,76,61,51,78,69,64,73,73,83,112,108,111,117,101,108,96,119,137,123
12,9,1,2,2,28650.93,23.6,405,545,543,90,807,2381,912,1437,334,371,939,50,60,73,83,78,77,72,84,78,86,110,124,121,105,80,86,73,86,86,86,84,72,87,89,75,74,66
1,1,0,0,3,48228.98,16.86,440,333,333,96,722,2501,890,1663,440,369,932,70,82,71,79,94,68,44,65,68,41,61,61,53,43,61,51,53,69,78,76,81,89,89,106,93,83,111
0,0,0,0,29,2873.94,27.61,507,740,672,247,1242,2699,799,1147,203,190,818,55,72,80,104,92,113,116,136,120,111,136,116,126,103,124,110,109,104,120,119,98,99,88,118,109,93,84
17,12,4,3,5,17829.16,22.41,357,442,428,83,632,2055,789,1422,370,406,769,36,55,73,49,78,61,80,85,75,59,74,101,87,74,74,75,67,58,63,75,59,68,79,94,88,70,78
21,20,0,1,5,34537.2,23.84,351,387,372,101,652,1956,708,1134,256,310,689,36,65,53,73,63,70,48,63,49,53,76,92,96,74,55,50,49,48,62,75,55,54,67,58,60,72,76
13,6,2,6,3,51375.52,23.54,357,409,390,69,625,1747,685,1216,294,348,570,35,60,62,75,77,67,65,60,61,76,63,86,82,52,64,65,73,54,84,71,52,59,66,70,86,63,74
18,11,4,5,2,22638.85,25.73,388,398,352,98,721,1822,649,962,220,268,837,52,48,58,74,78,78,65,72,51,51,79,82,73,66,48,42,57,57,34,58,52,58,71,66,73,55,56
2,2,0,0,11,9502.96,15.51,293,240,281,83,614,1878,737,1219,366,378,910,36,69,47,54,54,52,46,48,43,33,40,30,34,52,58,41,47,54,76,73,53,60,87,90,87,78,92
17,6,3,8,6,29937.97,19.52,396,372,388,139,859,2418,818,1205,284,308,927,52,69,64,73,87,59,71,61,59,59,54,65,60,56,54,64,74,78,80,79,79,77,75,90,82,84,76
13,7,1,5,6,43507.94,15.64,315,179,204,90,693,1878,708,1037,251,272,727,52,38,63,65,61,57,52,39,29,25,28,25,28,29,32,35,44,38,50,47,60,62,67,61,59,59,49
2,1,0,1,3,36455.61,22.43,333,381,346,117,735,1948,662,993,217,276,712,40,56,63,63,65,56,60,53,56,56,69,77,71,69,54,50,54,57,57,69,76,82,72,72,51,74,77
0,0,0,0,9,9492.12,16.28,201,132,186,56,368,1068,397,737,174,209,603,34,29,35,31,42,26,24,25,20,25,24,22,20,28,25,33,45,42,41,34,46,47,48,31,39,42,37
2,0,2,0,1,60673.18,21.85,417,474,451,117,1018,2496,853,1295,300,322,940,37,71,62,94,78,70,77,78,81,64,81,79,88,81,67,65,70,89,68,81,82,86,76,78,90,66,86
3,1,1,1,12,24117.36,16.93,484,334,381,127,909,2595,969,1677,404,387,1006,68,85,87,80,98,73,54,61,53,56,57,47,53,62,52,70,79,73,92,106,92,102,94,116,111,98,96
17,13,1,3,6,28563.67,19.22,234,248,335,81,601,1648,578,927,242,273,769,30,33,54,49,29,35,24,42,33,42,41,49,83,57,54,48,55,35,60,58,55,58,53,66,61,55,57
2,0,1,1,3,45759.2,21.11,254,285,236,46,524,1524,574,877,220,286,677,35,49,44,51,44,40,36,44,44,44,39,57,46,48,40,35,40,32,40,42,48,60,60,56,47,63,60
6,3,1,2,19,2963.06,22.09,448,621,580,294,1162,2721,874,1519,392,441,1039,54,54,84,79,98,81,126,124,83,84,102,111,106,100,102,90,103,89,108,106,112,99,110,123,123,106,120
2,2,0,0,5,23572.08,15.48,294,178,233,69,582,1688,708,953,230,252,837,45,45,56,54,55,34,37,41,21,33,35,23,16,40,43,37,51,47,51,58,66,59,66,59,65,76,64
2,1,1,0,21,10303,15.21,362,294,364,121,835,2458,849,1634,413,347,863,52,67,61,66,77,48,44,67,56,50,39,41,40,61,65,67,54,88,81,98,94,97,96,99,105,82,105
3,1,2,0,2,13498.96,15.45,250,166,170,102,678,1569,575,885,200,233,820,28,32,57,50,39,41,30,37,26,25,31,23,25,32,29,29,30,21,35,44,40,55,48,55,56,63,49
1,0,1,0,7,18768.09,17.79,566,370,381,88,901,2749,1059,1797,416,415,1294,69,94,98,108,119,100,100,91,68,45,41,42,47,55,76,54,73,70,86,96,92,78,105,95,92,98,99
11,2,6,4,4,16088.26,15.04,282,186,204,125,704,1843,663,945,249,288,864,42,58,57,57,38,41,40,28,39,34,26,25,26,26,40,37,39,45,52,51,50,53,61,60,60,73,60
18,11,4,3,5,8919.74,14.27,232,119,159,61,444,1302,556,791,195,245,697,32,44,40,48,38,41,23,32,18,17,14,19,15,27,27,26,21,46,36,38,45,37,48,44,50,57,51
0,0,0,0,7,12048.34,16.37,345,302,360,138,905,2356,794,1263,289,279,1072,41,64,69,75,52,65,55,64,50,52,38,51,51,49,47,56,64,83,62,80,67,76,88,91,75,86,89
4,0,0,4,5,7863.97,19.99,202,145,126,85,365,948,361,536,185,196,648,26,28,38,47,32,30,51,20,24,20,13,23,16,18,19,14,27,26,26,25,15,36,25,30,37,26,40
1,0,0,1,38,1455.61,19.19,399,306,271,86,647,1879,649,1221,388,376,766,59,76,72,61,70,53,59,76,55,37,35,34,39,38,42,47,58,50,63,69,67,79,66,76,80,75,69
0,0,0,0,2,9055.51,23.74,227,156,118,85,379,724,248,485,170,138,361,39,40,41,42,33,33,34,36,25,28,16,23,12,21,23,16,19,29,24,24,23,27,23,23,18,24,22
22,7,7,9,3,24733.32,16.43,141,103,101,79,393,914,259,437,101,110,504,20,19,26,32,17,27,30,19,13,15,15,13,5,15,13,24,14,29,22,19,19,17,20,35,25,30,41
0,0,0,0,7,2872.07,13.26,90,66,72,5,91,490,193,528,297,253,418,9,12,20,18,14,16,7,11,8,14,15,8,7,13,10,11,20,14,16,16,16,27,19,14,23,17,20
4,2,0,2,6,22269.07,17.61,341,221,272,56,465,1501,715,1317,358,478,690,51,57,73,59,65,42,40,48,39,26,29,32,43,35,50,45,50,46,51,59,51,69,48,58,57,57,63
0,0,0,0,8,9511.43,13.72,218,167,184,62,521,1601,536,1021,289,291,765,30,41,36,49,44,38,31,26,30,18,34,14,42,26,27,29,32,51,55,54,39,48,38,49,44,63,58
4,1,1,2,4,11988.53,18.7,300,217,204,113,665,1529,529,879,238,249,947,33,49,65,46,61,46,40,44,26,37,27,36,23,28,36,35,39,32,50,50,49,54,55,40,45,59,50
0,0,0,0,1,21459.1,16.96,231,122,147,21,169,798,395,888,415,514,485,26,32,42,45,44,41,24,26,26,16,16,25,15,29,22,23,26,25,33,27,29,37,28,49,33,42,41
1,1,0,0,2,9980.47,16.53,338,238,296,47,356,1553,671,1573,551,761,879,52,64,59,61,64,58,41,43,35,40,33,49,36,41,47,49,46,56,67,61,52,61,81,75,74,70,80
1,1,0,0,2,7487.46,17.98,249,227,245,20,221,1103,500,1238,520,532,592,35,44,38,39,48,48,51,41,30,40,31,39,43,39,37,35,42,49,47,37,49,58,52,44,61,45,55
1,1,0,0,3,32507.76,15.4,323,198,303,53,431,1589,701,1492,501,615,1116,42,52,67,61,50,37,28,51,23,35,25,32,48,45,42,49,64,51,58,57,63,58,65,74,61,65,58
35,17,17,4,5,45926.61,23.29,416,610,557,400,1490,3127,819,1246,249,220,1255,41,69,70,78,91,90,90,95,90,95,96,114,121,81,85,79,84,91,76,104,98,88,92,85,90,99,95
0,0,0,0,25,1191.62,22.3,168,169,105,228,239,580,243,596,218,231,384,10,11,24,23,38,44,59,33,31,15,19,15,14,18,16,23,22,23,26,28,29,25,29,35,26,27,22
9,8,0,1,2,24884.88,16.27,444,271,319,93,816,2701,896,1563,388,438,1072,73,76,90,81,72,53,52,49,42,46,48,43,56,39,50,53,60,57,57,68,62,85,84,93,84,86,81
0,0,0,0,1,34901.21,15.7,300,161,181,22,295,1153,551,1213,451,526,628,40,56,74,45,53,35,42,34,35,23,22,15,19,23,20,33,43,36,40,43,44,54,53,57,63,52,53
0,0,0,0,1,33490.8,14.28,248,164,179,46,396,1494,595,1055,369,356,814,33,49,50,51,45,33,34,25,34,27,25,16,22,25,20,33,42,37,31,51,42,53,48,56,48,46,52
22,6,14,3,3,40700.4,21.98,219,267,229,156,700,1551,448,579,139,132,699,25,33,39,40,47,37,44,39,44,37,42,60,46,43,31,38,32,29,30,36,44,35,46,47,36,41,55
0,0,0,0,4,11353.6,15.2,436,292,322,83,680,2468,900,1811,540,577,1160,56,72,93,89,77,64,53,49,46,42,54,47,48,45,47,53,67,65,99,83,69,85,95,89,106,110,104
2,1,1,1,3,29944.3,14.13,260,129,142,113,662,1702,564,729,197,161,859,42,38,47,46,57,41,28,24,26,15,20,16,11,13,31,32,24,34,25,28,44,33,64,58,50,52,51
13,11,2,0,3,47638.06,16.31,200,113,166,31,237,924,385,773,277,317,480,31,34,42,39,36,24,25,20,11,23,18,23,23,23,26,30,34,31,31,29,36,39,40,49,45,46,39
5,3,0,2,6,21179.19,15.81,291,232,241,71,637,1867,718,1145,333,387,823,41,39,61,55,54,51,49,38,33,36,35,39,30,41,31,49,42,46,57,63,54,53,83,74,63,61,49
12,9,1,2,4,53787.74,14.98,380,230,292,98,806,2429,790,1336,407,421,1188,62,61,75,80,65,52,47,44,42,30,28,47,39,46,55,51,57,48,61,73,54,69,85,75,80,76,79
1,0,1,0,1,34793.33,14.43,185,109,114,16,169,779,351,818,339,404,412,36,36,40,33,37,26,19,22,24,24,11,18,9,13,13,15,32,32,30,30,33,37,36,40,35,44,39
17,8,5,4,5,26997.74,18.93,246,167,169,86,621,1493,459,535,134,80,719,29,28,42,47,58,45,38,32,35,32,18,27,32,25,23,31,33,34,26,32,31,39,34,44,51,37,47
7,3,0,4,4,12350.78,38.1,264,212,126,64,342,753,236,297,68,75,285,28,32,49,58,41,56,57,36,44,28,30,22,33,21,20,23,15,18,19,18,23,26,17,14,19,21,8
3,2,1,0,3,61712.76,18.12,305,237,264,43,413,1390,584,1271,416,442,665,43,42,56,59,44,54,51,50,37,33,43,31,36,47,40,54,44,43,50,44,49,67,71,63,65,60,78
9,7,2,1,4,59907.14,36.36,754,1069,825,320,1603,3393,924,1247,288,266,837,61,112,106,170,173,162,160,194,146,161,178,208,221,146,130,95,126,92,117,108,99,101,97,110,92,110,71
0,0,0,0,3,95996.2,13.27,188,150,179,30,287,1127,597,1273,519,530,1069,32,32,24,38,39,24,33,31,16,24,26,21,26,23,34,34,25,39,41,30,49,56,49,47,59,56,50
20,9,11,0,5,50846.6,15.42,326,212,183,117,839,2178,709,969,259,303,1346,51,46,72,62,58,44,42,48,32,25,38,21,21,27,31,34,47,36,53,42,39,46,59,57,58,66,62
2,1,0,1,11,6180.6,12.76,160,84,89,20,240,912,389,740,200,260,521,25,30,30,30,28,19,15,19,10,7,14,8,7,17,12,16,27,20,24,32,33,34,47,39,31,36,38
9,6,1,2,2,41024.14,22.55,278,282,229,38,356,1155,491,980,354,392,660,34,64,46,55,47,44,58,46,49,42,43,55,36,30,36,34,36,41,44,42,29,43,46,49,57,48,46
14,8,5,2,3,41648.53,29.16,322,516,449,338,1073,2095,494,752,147,123,680,46,31,56,61,74,66,75,80,76,85,85,105,100,81,66,69,67,61,73,67,56,54,59,52,61,53,49
2,0,1,1,2,53889.74,30.73,315,482,405,170,887,1721,529,683,175,135,744,30,37,73,58,60,53,84,74,73,64,89,97,97,65,70,62,53,47,48,60,53,38,50,42,52,52,47
1,0,1,0,1,118942.45,14.26,191,123,136,13,208,877,410,979,387,403,728,28,35,43,32,25,27,24,25,15,17,14,22,25,23,21,18,25,33,34,37,38,27,42,35,42,46,35
3,3,1,0,2,39402.71,15.73,338,207,184,25,282,1365,653,1462,552,627,780,42,64,48,67,79,45,46,36,36,40,27,21,17,27,23,37,36,32,45,53,60,60,59,67,68,61,73
70,41,18,13,5,34171.2,23.54,455,487,432,235,1250,2735,683,1071,255,206,1294,65,72,75,72,110,44,80,91,74,69,83,86,92,66,64,58,73,67,77,89,64,79,101,68,82,73,74
9,5,2,2,10,5355.65,13.69,317,209,264,102,830,2445,810,1270,360,322,1071,43,66,66,55,53,49,39,40,35,36,25,28,33,57,36,44,47,50,56,63,69,79,70,92,74,97,85
31,23,3,5,3,36224.21,14.2,191,83,95,59,409,1084,365,643,184,176,708,27,37,41,33,34,26,19,24,11,11,15,6,15,15,9,25,15,17,26,22,26,22,29,30,33,30,23
1,0,1,0,5,49684.36,15.01,317,165,223,89,743,1950,679,1030,272,276,1090,50,47,62,52,67,38,30,27,35,21,20,24,21,44,41,33,46,36,51,60,49,56,58,66,62,61,68
0,0,0,0,4,19767.03,14.9,242,139,158,58,489,1369,523,938,289,271,753,42,45,41,47,48,29,37,30,21,13,20,16,21,21,31,25,29,28,23,39,35,40,46,51,66,44,46
11,2,6,3,3,22239.28,15.29,242,144,110,86,473,1390,454,768,242,241,776,37,51,44,58,34,29,28,21,22,18,18,21,9,20,22,13,22,18,22,37,33,40,41,39,65,41,49
1,0,1,0,11,27866.47,15.95,372,278,338,92,729,2455,886,1412,373,426,1118,46,63,64,84,68,70,57,51,41,38,51,51,43,55,56,66,53,61,81,77,70,69,93,98,82,65,89
2,0,2,0,4,54128.06,18.31,279,199,218,26,258,1158,524,1126,400,458,667,35,42,52,55,51,33,46,32,33,31,35,27,38,31,40,35,35,51,47,45,55,45,67,47,50,50,45
28,10,15,3,4,41559.73,17.52,314,252,242,124,846,2340,648,906,214,174,936,41,41,46,66,66,61,53,51,44,32,39,33,24,47,39,42,51,40,53,58,61,65,49,70,65,77,67
2,1,1,0,3,40602.14,16.94,255,173,187,86,620,1600,531,790,180,190,753,38,49,41,55,35,46,37,30,30,24,22,27,30,28,32,21,36,37,43,57,41,57,43,48,52,50,57
17,8,3,6,4,57107.26,29.99,426,623,541,212,1091,2404,746,957,201,166,757,47,45,76,78,94,99,76,117,87,92,106,141,126,84,90,76,80,78,77,83,46,76,71,86,62,72,67
5,3,2,0,4,29760.74,15.25,395,213,321,27,358,1486,647,1863,822,753,969,67,57,77,82,69,50,37,42,32,45,29,30,39,47,52,64,64,58,63,90,71,84,98,109,76,100,74
5,4,1,0,5,51748.67,12.92,223,135,191,43,366,1342,601,1229,436,472,831,31,49,40,45,48,21,26,19,26,18,25,20,22,32,34,31,30,37,35,54,58,43,55,61,49,67,58
3,2,0,1,7,44320.13,20,402,306,341,83,594,1809,698,1340,415,403,884,37,68,77,69,95,71,76,53,56,47,44,51,55,53,42,73,64,56,72,58,82,45,59,78,80,82,60
12,7,4,2,6,33657.86,18.18,222,192,204,78,672,1738,501,647,159,125,679,32,31,42,47,41,33,33,44,40,22,25,36,25,35,30,38,39,26,38,42,32,38,45,36,52,41,49
6,4,3,0,5,77163.73,14.24,448,256,316,93,808,2715,1136,1861,511,497,1220,51,81,73,90,80,64,50,56,35,43,31,39,44,44,45,63,56,70,86,88,86,89,105,100,103,100,100
14,12,5,1,2,21653.49,19.48,259,176,178,23,246,949,416,945,335,356,462,40,33,46,46,43,47,38,30,27,25,25,17,28,31,30,39,25,34,46,37,37,37,48,38,37,48,41
1,1,0,0,1,62319.38,13.85,307,163,264,37,345,1470,706,1578,642,716,1098,49,53,50,63,47,46,31,32,26,26,23,26,39,42,57,44,47,36,65,46,66,58,65,72,81,74,70
31,16,6,9,4,58483,35.51,441,677,475,193,1040,2106,509,756,150,147,550,48,52,83,72,109,81,102,94,106,100,133,132,106,86,81,73,65,56,57,53,52,62,58,65,60,41,67
2,2,0,0,2,22669.81,15.04,211,144,159,41,372,1237,498,861,279,284,678,21,34,27,42,45,39,27,31,14,20,26,22,13,24,25,30,36,30,44,41,40,35,46,36,42,33,44
0,0,0,0,2,77162.97,13.64,161,85,157,49,337,984,437,733,295,281,699,25,28,36,23,36,15,20,11,16,15,10,23,14,28,28,23,31,32,23,32,32,35,26,36,35,30,30
4,2,1,1,1,54676.01,12.78,150,87,100,43,298,1130,400,645,165,180,516,23,28,25,35,28,17,13,20,14,11,13,22,15,16,14,21,14,23,23,21,30,29,39,36,36,33,31
4,3,1,0,4,40927.74,35.01,522,606,476,226,1033,2167,603,771,158,147,678,68,58,88,92,123,98,106,95,105,92,96,102,101,86,88,85,56,52,65,70,63,63,56,75,61,52,55
2,0,1,1,2,57521.52,15.47,206,159,187,49,342,1215,517,978,274,342,723,32,35,36,39,35,33,25,19,17,32,26,33,26,35,26,31,35,36,50,38,50,41,38,48,52,56,46
10,6,5,1,2,39624.82,15.95,160,125,150,90,498,1316,375,566,135,139,561,14,31,35,35,23,25,27,27,16,18,18,19,22,27,33,22,23,26,30,45,21,38,47,38,55,40,39
0,0,0,0,3,63569.83,10.4,246,133,249,18,311,1430,655,1794,976,624,1445,45,45,58,44,41,23,13,19,22,23,25,25,36,37,42,37,61,50,61,54,65,62,78,76,74,82,60
9,5,6,0,2,48149.75,26.79,534,610,535,271,1179,2607,842,1364,420,289,1807,68,71,78,109,116,103,103,108,97,89,96,131,118,93,89,81,77,69,65,90,70,56,72,95,67,71,69
3,2,1,0,9,51876.23,38.91,474,398,250,52,420,1075,412,735,216,247,432,43,68,80,72,120,111,110,63,73,73,56,56,67,45,39,41,31,36,35,38,34,28,29,38,36,37,37
22,14,7,1,2,30562.52,18.57,227,239,231,96,701,1753,527,832,183,193,640,24,40,32,42,52,38,48,42,29,41,38,50,43,36,35,33,38,38,44,55,49,53,57,58,49,56,71
3,1,2,0,1,77881.42,27.4,365,613,496,159,1129,2608,746,953,181,158,710,39,54,59,83,68,76,71,88,106,104,108,138,116,80,76,80,73,60,82,74,66,70,84,78,67,76,72
76,42,24,12,13,49048.22,31.55,534,1286,1058,273,1744,3830,1162,1672,324,330,1501,62,75,87,94,100,108,117,190,161,208,246,282,257,198,183,144,151,138,151,122,121,134,131,122,117,92,109
2,1,1,0,4,22676.09,36.94,328,340,256,77,514,1182,346,518,101,82,364,35,38,52,54,81,79,86,51,55,42,49,66,54,49,33,42,32,34,43,42,27,35,26,33,34,25,25
0,0,0,0,2,29134.01,36.03,263,433,284,144,652,1338,383,475,92,68,364,40,36,47,36,49,60,38,75,67,53,84,93,64,66,48,34,36,46,43,42,37,27,39,31,27,25,25
5,3,2,0,5,49314.83,13.96,390,208,228,30,386,1653,659,1746,810,886,1107,68,61,74,71,78,49,32,50,31,36,36,22,22,30,41,40,42,43,61,62,59,73,76,77,90,87,77
6,5,2,0,7,30390.59,19.23,272,258,238,41,362,1230,534,1120,389,384,730,42,38,42,56,55,50,71,62,41,38,38,29,42,30,39,45,44,43,62,47,41,50,57,49,53,55,58
26,19,5,2,11,30429.72,16.02,439,366,373,115,1014,3077,1050,1717,458,528,1373,60,87,71,81,83,74,63,63,72,67,58,52,55,63,56,59,72,80,80,85,77,110,76,112,99,109,107
22,15,9,1,9,24749.7,20.22,327,266,232,76,632,1970,578,873,217,215,826,41,34,65,56,63,62,66,62,36,40,45,35,33,41,31,37,35,48,59,58,58,55,52,50,53,61,68
14,11,2,1,1,41536.09,13.95,233,143,172,70,565,1655,566,865,229,237,746,43,36,33,51,37,25,28,26,26,25,19,21,14,27,25,43,25,44,51,48,36,42,57,60,44,59,61
8,1,4,3,2,53297.06,16.7,370,236,260,81,578,2023,705,1301,414,457,1109,64,68,70,64,62,43,43,42,38,26,37,44,44,34,48,41,51,38,55,58,56,68,86,68,65,74,73
5,2,4,0,1,46622.27,16.35,276,222,255,68,595,1829,646,1102,312,319,916,41,41,46,64,45,51,45,39,45,28,26,46,36,34,40,43,50,55,44,57,55,67,60,69,67,64,51
10,2,9,0,6,31414.92,17.27,272,228,253,120,828,2093,543,856,201,152,803,43,40,48,47,50,46,37,52,48,28,33,31,30,34,39,45,51,43,58,49,55,58,60,64,59,60,59
3,1,2,0,3,53076.1,40.22,454,541,399,61,508,1377,493,865,208,212,581,44,54,79,89,97,104,86,97,83,71,86,115,105,85,63,55,53,41,49,42,32,47,39,39,43,52,41
8,5,1,2,3,38627.15,16.76,247,216,250,71,593,1739,594,1030,275,327,1016,35,27,38,51,48,41,37,38,33,41,36,38,38,36,49,34,45,47,60,62,50,44,51,61,54,62,46
41,30,7,4,4,31485.05,20.64,387,376,317,158,1066,2579,770,1029,218,196,1031,54,62,64,67,73,69,75,82,68,48,62,56,60,44,55,50,43,55,58,49,77,78,73,86,73,85,65
25,14,9,3,11,9234.94,33.04,273,458,332,149,789,1690,382,565,129,83,414,33,35,39,55,61,55,75,60,65,74,89,86,85,68,48,48,40,44,64,46,43,43,41,41,52,37,33
3,3,0,0,5,9550.65,16.87,288,200,245,90,647,1879,590,980,258,279,839,45,37,51,55,51,44,40,37,29,36,33,27,38,47,42,45,40,36,49,40,52,56,57,64,63,61,63
1,1,0,0,4,25222,14.63,226,149,191,21,136,936,412,1260,563,570,636,29,34,38,52,42,32,21,19,20,33,23,25,27,22,21,35,42,48,54,54,57,49,61,54,53,52,50
27,11,17,0,4,48836.34,35.28,575,663,492,186,1115,2308,593,876,181,146,628,44,71,96,116,124,115,106,119,94,125,102,114,114,80,79,66,81,60,76,64,68,76,71,55,73,60,59
3,2,0,1,8,44464.6,14.61,375,242,289,35,526,1882,785,1792,645,731,1183,44,64,73,78,68,43,57,59,45,26,38,33,44,34,51,54,61,59,62,70,65,67,86,83,78,82,90
9,5,3,2,6,33113.78,31.4,255,367,298,94,564,1338,405,599,115,104,452,25,39,40,46,56,54,52,55,53,64,67,73,67,54,44,50,47,33,44,33,41,38,43,34,35,34,30
8,2,4,2,5,43378.33,18.58,219,150,129,56,479,1305,421,584,144,108,881,36,43,46,35,36,28,31,27,24,27,20,24,27,20,21,21,23,14,33,31,32,31,28,27,47,26,37
12,8,3,2,4,64880.77,40.85,672,1275,911,278,1533,3071,903,1221,247,197,848,62,83,108,113,157,143,165,200,210,187,225,268,245,187,145,131,94,116,111,95,108,98,108,99,78,81,95
21,16,3,4,7,27133.48,33.96,571,506,412,129,799,1945,571,898,209,154,756,53,85,82,119,128,119,104,95,79,70,82,78,89,63,76,70,61,61,60,70,62,48,52,57,53,83,59
5,2,3,1,7,15413.33,14.87,505,292,320,37,472,2191,982,2158,947,870,1177,70,81,91,93,101,72,61,73,52,36,39,34,25,53,54,52,68,84,93,85,96,95,95,95,107,125,120
1,0,1,0,5,36488.83,14.92,326,161,234,33,384,1465,601,1392,504,567,890,51,47,62,69,49,43,23,30,27,16,23,25,22,25,40,46,58,32,58,51,46,48,64,59,57,59,65
4,2,1,1,6,31787.28,35.73,274,464,309,81,613,1312,373,546,92,109,380,29,39,40,62,56,60,61,69,65,78,74,70,73,51,54,49,50,43,35,49,32,35,32,37,38,36,31
7,7,0,0,3,33878.32,24.61,468,492,404,72,704,2254,829,1368,345,344,734,61,57,85,84,88,94,86,77,93,70,72,84,68,53,82,78,53,76,71,75,63,70,77,66,67,75,69
8,3,3,2,9,31320.04,10.59,243,130,204,34,396,1416,622,1680,751,650,1916,51,32,49,40,44,27,20,29,20,16,21,27,18,32,32,41,41,38,41,40,51,43,59,57,67,61,74
4,1,1,2,7,9154.93,33.48,195,262,223,69,368,967,268,445,106,88,276,20,23,36,33,43,39,44,41,39,40,41,51,71,37,37,32,28,31,25,26,31,30,31,33,20,19,22
14,12,2,0,2,43208.19,34.15,220,327,297,56,422,1040,387,579,149,108,416,22,31,24,45,45,49,44,54,47,46,51,87,73,57,57,43,31,28,38,27,33,30,36,45,35,34,40
0,0,0,0,4,2962.39,13.67,110,67,80,19,153,624,242,534,218,191,311,15,26,14,25,22,13,14,16,8,10,14,9,9,14,12,11,15,15,14,22,23,25,29,30,26,38,31
28,21,7,0,1,63989.57,22.48,275,281,258,88,630,1759,554,759,130,141,709,45,47,39,49,54,43,64,51,54,32,43,29,55,40,39,35,41,46,57,30,48,52,39,47,51,38,34
22,15,4,3,5,58346.55,24.06,490,505,441,155,1018,2873,800,1282,306,279,997,59,68,79,99,91,98,96,94,90,70,74,87,82,75,68,71,70,79,83,82,90,73,74,79,88,70,77
21,14,7,2,4,48942.38,32.78,466,587,367,139,980,2373,622,825,180,134,720,47,69,84,94,96,94,126,102,93,78,96,90,64,74,66,49,61,47,58,53,54,48,45,56,53,53,48
10,6,0,4,2,71787.08,33.75,542,902,669,235,1223,2803,803,1228,235,225,893,50,76,90,106,108,113,117,160,120,147,173,180,149,124,122,111,86,74,91,93,79,80,77,79,74,75,88
58,37,10,11,6,37830.3,28.07,428,479,415,144,999,2396,678,927,200,146,772,56,55,56,76,101,77,91,86,68,79,87,83,101,65,73,47,65,60,72,68,74,74,70,75,53,67,53
12,4,8,0,4,40624.51,23.51,315,373,332,136,837,2210,648,892,190,123,822,20,45,51,62,72,66,59,69,64,48,61,64,65,55,55,45,51,58,53,60,58,52,44,52,65,57,57
22,6,9,7,4,48411.79,33.45,390,562,458,143,866,2048,554,721,172,124,540,52,53,78,57,84,87,83,87,92,108,91,105,90,105,58,66,57,68,66,53,63,67,55,59,51,47,45
13,4,4,5,7,24485.52,28.79,436,612,572,158,1085,2544,692,1057,232,170,655,58,64,73,77,100,69,89,97,87,109,119,117,99,98,96,88,104,69,73,85,84,93,92,90,69,70,67
29,17,8,4,7,32235.63,25.77,486,559,519,238,1400,3063,800,1124,263,187,1086,53,79,66,99,112,92,88,110,81,98,76,96,111,93,94,81,70,86,90,90,77,72,71,101,72,87,72
28,20,8,2,2,42209.16,27.79,532,719,582,219,1418,3177,902,1266,291,228,1185,66,85,86,112,81,124,86,124,117,112,123,146,124,93,90,96,79,86,92,91,85,85,94,95,93,81,77
2,2,0,0,20,928.51,20.17,492,310,315,113,456,1801,782,1485,541,535,838,63,72,86,88,94,89,63,68,60,39,34,39,36,53,52,49,62,55,60,69,62,75,83,91,59,69,76
0,0,0,0,20,11312.08,14.78,240,204,245,86,648,1928,728,1148,391,282,1561,33,28,45,52,39,53,36,29,32,40,28,39,47,38,37,40,44,46,43,30,37,35,55,46,55,48,61
37,31,9,2,7,21957.25,28.31,839,841,648,207,1491,3825,1101,1671,395,289,1546,95,135,121,168,173,163,150,148,149,138,113,153,120,104,103,84,121,109,110,113,105,95,124,101,104,109,111
2,1,1,0,4,42944.73,12.88,212,141,183,75,518,1514,581,1030,331,304,959,39,31,55,36,34,27,33,28,26,23,16,17,22,18,34,39,30,36,43,37,47,38,66,67,56,56,70
8,6,0,2,3,88205.36,25.09,547,541,476,82,940,2687,899,1336,363,319,930,62,88,99,105,107,110,98,98,85,85,85,91,84,77,69,84,78,93,77,109,63,74,98,95,96,74,68
4,3,1,0,5,35711.73,15.56,244,124,149,26,326,1182,452,934,318,296,883,42,47,47,45,47,28,25,27,26,14,18,25,17,22,27,23,28,30,35,37,28,32,49,36,44,53,52
2,0,2,0,7,43896.85,14.03,237,171,143,37,322,1201,570,1216,549,580,1078,33,42,33,55,47,39,33,35,20,29,24,25,18,18,23,25,32,31,44,40,42,40,54,45,58,54,63
0,0,0,0,4,30938.7,14.03,219,112,139,46,337,1215,503,855,333,358,628,27,34,43,43,45,28,22,26,21,15,14,21,14,26,20,16,31,39,44,47,34,42,45,42,47,40,44
0,0,0,0,1,31741.87,15.15,239,148,174,34,415,1383,557,965,293,330,558,34,47,42,49,45,27,31,25,28,13,26,25,25,19,26,36,30,38,45,40,34,39,49,50,58,51,59
31,24,5,4,4,48720.93,25.41,567,554,420,121,1003,2843,918,1269,331,276,1041,74,68,90,103,131,101,100,116,91,89,95,88,80,68,84,62,55,69,81,70,68,71,77,83,90,94,82
1,0,0,1,6,10209.87,18.99,129,138,134,47,353,1045,257,459,128,118,478,15,20,27,23,27,24,30,19,33,20,26,14,18,22,29,25,24,24,24,18,33,28,30,28,27,23,27
30,16,12,3,4,45439.41,22.36,290,283,242,83,721,1846,519,733,168,129,660,38,41,37,58,59,61,50,52,52,42,51,48,50,34,48,38,41,33,39,45,37,53,55,45,46,56,46
1,1,0,0,4,17245.3,14.56,243,231,323,44,493,1721,738,1342,338,361,767,39,43,41,49,48,41,27,35,44,38,45,40,37,42,57,64,66,63,79,78,75,70,81,67,65,56,53
5,4,1,0,9,34087.27,26.02,320,422,342,186,993,2123,587,732,169,107,817,27,42,52,68,76,61,64,71,58,68,71,87,74,58,55,61,36,33,48,55,51,47,63,56,52,48,47
39,11,10,20,4,38483.37,24.99,403,413,337,121,871,2409,690,991,220,147,830,53,63,65,64,68,88,77,56,64,64,66,72,58,57,58,53,58,57,57,63,59,63,53,74,55,68,53
35,12,12,12,6,25521.88,24.34,312,322,289,118,690,2105,527,785,226,129,797,33,40,51,54,60,65,65,55,47,52,63,49,57,42,53,41,45,47,54,48,46,53,45,45,43,54,49
5,1,1,3,7,22681.68,12.35,234,109,219,110,765,2102,692,1010,224,201,981,28,42,45,53,45,32,19,14,19,11,17,21,33,39,46,32,33,45,60,59,56,58,53,59,69,60,64
2,2,0,0,4,19264.89,17.22,339,235,252,30,424,1465,681,1301,442,463,796,49,49,53,73,60,50,59,50,34,32,36,26,31,31,43,47,54,45,66,57,50,60,64,55,60,58,70
16,15,0,1,4,9488.52,15.75,452,331,280,64,637,2555,910,1702,571,623,946,69,72,87,96,73,69,55,61,65,48,50,36,30,39,50,56,59,56,87,76,76,88,103,90,99,95,106
10,5,3,2,8,52665.8,13.73,351,224,223,89,682,2116,770,1523,533,492,1571,44,65,67,70,62,50,50,45,38,29,33,25,12,34,29,41,49,67,61,64,60,61,67,50,79,75,81
7,1,1,5,20,3040.45,42.95,196,188,156,24,229,533,184,250,55,42,268,15,22,25,38,41,42,26,46,27,37,32,33,31,40,20,23,23,22,30,24,16,14,18,18,18,16,17
1,1,1,0,1,7589.78,15.81,301,172,223,16,200,1137,533,1443,611,716,833,56,51,48,64,61,33,35,32,29,20,24,23,29,36,41,37,33,48,53,49,39,41,50,59,62,64,66
1,0,0,1,5,17904.62,12.78,256,151,237,29,298,1367,587,1515,725,720,1322,39,40,49,58,53,36,20,30,22,22,22,24,34,40,41,31,33,46,37,50,44,57,53,70,63,45,71
3,1,2,1,3,43575.4,18.25,255,218,252,48,532,1546,549,814,203,220,861,32,39,49,52,52,42,41,39,34,31,30,32,40,43,42,38,41,59,55,53,38,47,46,57,47,58,36
4,3,1,0,8,27714.21,17.51,283,166,134,121,689,1758,484,616,180,148,790,44,50,38,48,44,51,52,43,28,26,18,20,16,19,18,22,23,34,30,34,50,58,40,51,46,48,49
15,9,4,2,4,44393.81,13.15,241,133,161,41,517,1623,589,1020,327,348,847,48,43,28,43,49,43,30,28,19,18,20,12,18,20,19,21,41,43,48,44,37,43,55,51,54,61,63
12,8,1,3,16,5432.49,27.55,266,317,262,121,656,1349,390,553,138,152,595,29,46,37,49,69,40,64,53,47,50,47,50,48,45,43,41,44,39,36,44,30,30,41,29,51,40,40
1,1,0,0,2,49460.6,12.68,221,113,149,28,296,1374,459,976,360,405,676,36,40,39,48,39,35,22,15,18,19,16,10,24,22,22,29,23,32,39,47,45,44,48,55,68,48,70
1,1,0,0,43,1734.23,15.81,566,323,489,85,553,2329,956,2398,838,897,1224,71,103,99,110,113,79,52,53,63,47,58,59,67,64,71,90,95,105,118,127,100,116,116,107,116,116,115
21,4,7,10,8,23197.1,16.3,246,243,281,77,649,2012,767,1073,262,291,1023,43,44,32,59,50,33,48,36,40,38,45,42,50,39,39,58,51,40,54,59,61,52,62,61,67,65,63
8,5,2,1,6,26789.66,15.77,241,129,114,71,314,1066,484,888,313,252,1115,31,48,45,38,48,32,27,28,23,15,19,16,10,16,18,23,28,12,25,30,29,27,36,36,30,25,40
2,0,1,1,3,52413.08,14.88,342,204,201,51,632,2079,690,1247,395,396,897,57,56,50,61,70,46,50,42,28,32,28,30,20,35,37,38,40,53,57,61,50,57,65,75,69,70,73
20,2,6,12,3,53442.2,21.58,352,341,363,113,904,2479,664,1062,237,156,825,40,54,54,66,63,64,72,60,47,64,59,63,58,66,59,55,64,61,60,57,49,53,64,73,67,40,67
6,1,3,2,3,23471.65,11.68,109,87,96,78,447,1249,361,507,143,118,460,11,20,15,21,28,16,10,17,10,14,20,15,14,9,8,23,19,22,28,34,25,33,30,39,41,29,38
8,5,0,3,3,39316.14,13.25,172,128,148,80,484,1556,479,769,175,173,747,25,28,36,26,34,25,24,26,21,17,21,21,18,20,21,26,33,33,41,48,37,36,43,50,40,36,47
12,6,1,5,2,20445.08,16.72,397,235,200,37,455,1651,711,1528,639,540,1343,51,56,71,96,57,66,65,45,33,44,28,36,30,27,28,24,45,35,52,50,47,55,72,74,68,73,66
50,4,23,25,3,35343.02,22.14,296,280,255,92,694,1917,567,763,170,138,868,33,44,60,49,64,59,64,54,39,42,44,43,42,42,45,29,48,42,58,45,46,39,59,52,46,51,49
28,6,14,10,5,39302.91,21.06,438,402,345,119,973,2776,818,1301,328,252,1353,56,67,61,81,105,67,93,79,65,61,64,50,72,49,55,50,71,51,63,58,51,56,81,85,65,67,63
19,5,9,5,3,32367.93,22.34,251,260,202,81,623,1555,485,683,186,119,634,43,32,42,52,44,36,56,42,43,38,47,40,35,34,35,37,22,34,37,39,35,43,48,33,51,43,37
12,4,6,3,10,20362.75,17.3,400,252,249,192,973,2520,706,1103,302,255,1096,46,53,76,87,69,71,66,46,33,43,41,30,36,26,36,38,54,55,78,80,71,59,81,76,73,69,78
24,17,4,3,6,36244.61,15.69,275,170,205,45,462,1590,568,1019,342,410,787,37,46,49,56,49,44,34,37,35,25,24,24,19,37,36,35,34,37,42,38,27,61,66,48,58,57,55
8,3,0,5,10,19923.62,17.92,289,240,290,117,640,1815,705,1168,331,294,1474,34,31,63,51,67,51,50,37,43,29,37,43,48,55,47,52,51,52,54,57,61,59,55,58,55,38,41
3,2,1,0,3,39144.84,15.5,239,165,201,37,409,1429,555,959,297,365,568,44,45,42,45,40,41,28,37,24,24,22,31,33,21,41,31,34,35,43,52,42,46,56,51,54,51,59
4,3,1,1,1,93293.28,12.72,268,135,182,56,553,1841,621,1116,296,319,790,33,53,66,53,46,33,30,32,19,21,16,19,15,25,27,39,38,36,38,41,49,57,56,75,81,72,72
21,13,5,3,2,60489.16,14.26,250,180,151,42,471,1568,633,999,296,367,742,25,44,49,44,53,50,37,34,34,24,25,22,15,19,27,22,28,36,45,42,55,40,57,54,63,49,61
3,2,1,0,3,60230.39,20.87,217,225,220,31,336,1137,423,819,261,254,454,30,36,40,40,40,34,32,37,32,40,43,39,38,39,37,42,33,37,45,42,55,43,50,34,42,40,49
7,5,0,2,4,47616.89,17.35,299,231,203,81,701,1846,625,890,242,227,992,41,51,67,59,50,41,42,43,42,32,23,38,39,28,34,35,33,37,35,47,40,47,51,62,59,50,55
1,0,0,1,3,20206.85,13.89,168,83,119,30,251,915,371,850,359,227,1094,22,18,28,35,29,35,26,18,12,11,14,16,25,14,20,15,17,23,15,17,19,23,23,30,23,24,30
3,3,0,0,13,15681.22,17.67,518,307,345,54,686,2288,964,1728,495,630,994,96,84,93,92,77,73,63,49,54,27,63,47,46,53,58,47,69,67,100,79,82,72,93,77,84,90,77
6,1,4,1,7,17860.03,13.89,151,113,126,40,358,1064,453,687,184,194,716,16,28,29,35,28,21,27,20,13,20,14,20,13,14,19,27,28,22,34,31,36,39,32,26,32,32,34
7,3,0,4,13,7193.32,17.58,194,118,116,60,409,1170,391,556,116,107,593,28,32,38,35,36,25,31,24,17,16,18,15,16,22,12,22,17,30,30,32,25,24,31,28,30,35,39
8,3,2,3,5,41668.65,15.27,245,142,182,47,417,1352,553,940,251,309,650,35,56,30,44,38,45,22,35,19,23,18,26,25,28,32,27,42,33,38,36,37,44,51,60,39,60,52
4,3,1,0,1,47129.63,33.32,314,421,354,59,500,1379,514,716,161,151,555,34,53,46,53,53,66,53,63,56,63,77,101,77,87,57,35,49,44,54,49,34,32,46,41,37,35,42
25,17,11,2,1,34680.68,25.37,157,185,162,43,396,975,290,408,96,66,283,24,17,31,31,27,28,25,29,39,22,30,42,37,27,28,23,21,27,29,37,25,23,26,38,35,20,26
14,6,5,3,3,51466.18,28.76,457,585,486,110,891,2450,777,1192,262,264,662,65,63,69,97,89,76,79,90,81,103,103,114,121,85,98,70,66,57,71,74,69,72,83,64,68,69,74
6,6,0,0,1,67652.94,28.43,266,346,260,48,469,1450,470,729,140,151,446,27,51,41,45,44,51,45,58,53,56,57,69,64,49,43,42,37,33,45,42,36,39,47,42,54,43,38
4,2,1,1,1,64169.24,29.77,209,285,268,42,423,1089,378,585,137,138,370,33,25,43,36,34,35,40,42,39,38,55,65,61,45,48,31,38,39,34,34,28,29,24,28,41,27,20
4,1,2,1,1,53590.5,27.98,262,427,321,55,593,1588,541,797,139,173,595,30,32,50,55,52,50,53,67,74,67,76,84,67,54,53,51,49,42,52,48,41,48,60,43,40,48,40
4,0,3,1,7,22808.58,16.12,139,131,121,41,350,994,380,570,123,154,721,16,28,22,23,29,34,22,34,11,16,26,15,17,17,23,18,25,23,27,25,32,27,35,27,29,36,32
9,7,1,1,2,43181.98,16.67,213,152,138,27,362,1121,485,746,217,280,564,25,41,26,41,38,39,48,27,27,17,22,13,17,21,23,16,33,41,31,26,34,33,43,45,30,55,59
4,3,1,0,5,39310.34,16.38,286,282,309,76,699,2126,825,1274,316,338,900,29,43,65,58,51,52,57,52,52,42,48,38,45,51,56,53,53,57,65,60,68,58,80,67,77,75,75
1,0,0,1,6,29065.65,16.03,181,123,133,54,335,1085,397,689,207,179,591,31,25,36,30,32,32,21,21,24,21,14,20,14,21,18,20,28,28,22,24,42,29,36,37,33,31,50
297,158,78,67,21,5645.61,28.36,235,278,245,65,399,1140,376,613,139,92,771,21,40,37,42,46,41,50,35,44,43,49,52,44,48,37,38,36,47,34,35,30,31,35,44,31,38,36
11,4,5,2,14,10277.93,20.95,741,503,385,350,967,2877,1094,1769,523,675,1095,86,122,124,136,152,136,146,101,73,84,59,58,56,62,59,62,67,81,80,109,91,91,119,121,120,106,128
7,2,3,2,10,5910.4,21.19,221,159,168,53,447,1309,413,488,113,109,505,33,32,24,39,39,44,29,37,23,28,22,24,21,30,34,27,27,31,40,34,35,43,24,50,36,36,40
12,10,3,0,4,31980.47,16.66,291,206,241,57,553,1600,603,1012,320,370,852,37,40,65,53,50,51,41,49,23,30,27,27,30,42,32,36,47,41,55,52,45,44,58,63,54,52,53
9,2,2,6,6,22912.16,17.01,306,245,210,54,393,1455,598,1381,583,437,1467,35,46,57,48,75,50,73,59,38,36,37,18,37,37,30,42,37,39,43,43,57,62,36,47,49,55,40
7,4,0,3,5,35967.13,14.03,295,176,180,42,497,1788,648,1219,400,396,826,40,41,60,60,67,35,39,25,21,33,29,22,26,29,29,31,31,40,54,55,47,60,70,72,73,76,62
0,0,0,0,3,35352.74,16.1,258,145,171,15,231,1154,368,917,445,398,542,44,48,41,48,48,28,27,26,24,25,18,22,20,25,27,27,37,43,51,34,31,37,43,41,45,43,74
92,46,14,32,12,13217.44,23.73,198,285,253,61,440,1261,464,759,178,135,884,24,29,34,40,44,29,42,43,46,38,48,58,59,42,41,41,38,39,47,39,38,44,37,41,47,45,45
3,2,1,0,2,42098.69,16.69,297,220,205,29,417,1569,629,1127,341,422,688,45,54,51,55,62,43,46,47,44,25,35,32,21,32,40,40,40,41,44,64,53,52,61,62,72,73,63
8,6,3,1,9,23344.48,15.55,321,285,293,55,557,2008,815,1592,432,578,1050,48,57,60,62,63,58,49,50,52,38,49,48,38,44,46,50,52,61,67,75,78,62,81,80,65,85,85
9,7,0,2,9,52537.73,16.56,429,328,347,102,899,2816,1002,1563,376,362,1290,70,68,73,81,86,66,49,66,53,44,52,59,59,64,51,66,57,61,84,73,66,86,95,116,92,112,94
9,5,1,3,5,22676.45,16.81,180,139,138,33,293,1060,413,795,202,195,719,25,28,40,28,27,30,24,27,19,23,18,17,37,15,25,17,29,30,15,35,25,31,36,37,32,37,44
10,6,3,1,5,38989.14,16.43,404,370,330,112,1018,3084,1082,1491,359,302,1240,67,56,90,74,74,74,68,63,58,45,60,70,62,47,48,52,64,65,71,77,85,86,80,108,124,90,103
19,10,5,5,3,50818.54,23.22,405,383,400,67,809,2269,751,1153,233,243,932,49,82,72,85,68,64,66,71,60,65,53,74,75,68,74,64,58,62,56,70,63,64,65,69,77,65,67
7,4,0,3,4,17262.91,29.79,218,313,319,50,442,1235,382,635,158,155,416,28,25,42,35,33,47,41,56,36,48,58,71,70,60,49,40,49,38,35,37,25,40,36,30,26,30,37
23,12,6,5,8,21288.1,16.74,327,271,218,91,774,2216,685,1107,338,264,1228,38,47,52,60,66,54,87,50,33,37,40,27,37,26,38,43,38,45,48,59,68,58,64,69,77,65,64
7,2,0,5,9,16731.76,16.36,300,150,170,71,606,1664,558,838,201,171,1131,37,49,64,54,51,45,27,34,29,27,14,26,25,26,25,38,28,27,43,55,37,33,35,56,53,46,57
13,4,6,4,10,21354.41,15.65,294,192,201,84,674,1897,671,1026,246,203,1206,40,51,52,44,50,52,42,39,34,19,30,22,25,30,41,33,34,41,33,53,35,53,64,52,54,61,62
1,1,0,0,4,40042.94,12.78,255,162,170,47,441,1617,662,1322,392,305,1624,31,50,48,43,46,36,34,35,23,27,23,26,21,22,29,33,38,28,33,49,40,51,56,55,53,57,80
4,1,1,2,7,24910.22,14.24,219,105,88,51,399,1287,443,760,208,180,1185,32,34,46,44,37,37,23,16,9,17,14,15,13,16,8,19,16,20,23,27,25,27,32,31,25,25,47
6,4,0,2,9,25721.13,13.13,399,265,262,44,659,2453,1009,1965,612,581,2301,48,56,79,81,83,61,75,55,33,36,25,24,34,31,35,34,62,51,76,72,56,80,83,86,92,88,97
5,4,0,1,9,2543.26,16.51,208,155,154,29,320,1075,469,832,261,313,565,32,33,34,43,44,31,15,26,30,22,31,33,27,17,27,24,24,35,38,37,26,38,35,46,53,42,52
13,4,3,6,1,30095.65,24.42,337,207,170,43,330,1114,474,860,216,200,691,50,52,67,58,56,51,52,42,31,28,21,38,32,25,24,32,33,32,32,33,33,42,31,27,30,48,29
21,10,5,6,2,49109.34,24.79,226,324,270,65,597,1495,524,784,159,159,652,16,33,40,48,35,46,52,49,59,48,62,67,69,42,44,42,45,38,38,51,41,31,36,41,37,51,39
2,1,1,0,10,9179.58,17.07,152,123,136,20,237,932,343,708,225,188,546,17,30,27,31,29,19,22,20,16,18,28,17,31,32,14,25,22,26,29,27,34,24,42,36,41,25,31
5,4,0,1,11,39948.42,18.52,303,214,208,38,404,1348,543,1169,357,393,921,37,48,69,51,51,53,52,35,37,29,29,27,34,33,28,39,41,30,52,46,33,39,62,34,64,38,64
9,5,5,0,5,37525.18,14.86,316,255,295,105,847,2717,903,1235,292,294,1188,44,53,65,61,51,44,52,48,35,44,37,42,49,41,47,45,59,49,84,68,68,105,66,97,88,89,87
37,26,6,7,5,40729,15.19,429,349,314,89,848,2795,1043,1717,482,593,1595,57,82,69,87,76,77,69,71,59,46,50,38,42,43,42,60,64,73,67,99,88,73,103,97,103,100,100
61,29,16,18,10,29360.79,34.75,713,1071,919,169,1323,3562,1102,1469,262,270,1113,77,92,131,131,145,145,138,169,152,178,177,232,213,150,159,137,133,103,120,119,88,83,105,91,90,94,102
17,7,3,9,8,21653.55,18.63,244,265,217,67,602,1633,613,880,188,209,1017,37,44,34,43,43,42,56,46,46,34,39,35,33,36,27,40,42,46,45,44,38,56,50,60,55,50,57
3,0,0,3,4,16908.57,12.03,134,68,64,27,249,808,327,664,180,128,925,18,27,31,17,25,18,17,13,10,16,5,5,3,4,15,12,13,19,12,13,12,18,16,25,17,21,27
0,0,0,0,9,11940.15,18.52,335,218,214,40,366,1371,609,1099,373,431,779,46,54,66,60,61,49,49,48,32,30,39,29,19,33,41,35,30,50,37,45,48,41,63,61,66,57,74
20,17,3,0,5,24583.63,18.97,287,192,174,30,279,1171,471,970,248,380,558,32,48,37,51,63,47,42,40,40,30,29,26,16,31,21,42,38,26,61,39,44,42,45,47,59,51,49
0,0,0,0,8,2293.38,17.38,227,179,184,22,198,979,435,964,330,423,571,29,41,49,37,44,42,33,22,29,32,24,28,20,23,26,34,48,28,39,38,48,39,42,41,48,52,40
0,0,0,0,12,13617.79,18.28,309,220,260,75,584,1482,581,938,277,277,711,47,47,52,57,55,40,41,52,34,30,36,35,27,43,45,51,54,46,53,60,39,42,54,62,71,49,75
15,5,7,4,2,34745.69,30.23,412,620,433,141,1013,2490,694,857,176,161,727,48,55,64,81,86,85,78,111,106,87,105,114,99,78,72,54,72,57,69,69,70,63,75,56,63,59,69
29,23,8,2,5,49835.42,32.73,704,1048,926,208,1614,3890,1285,1456,258,218,1235,85,97,126,117,142,144,148,172,162,149,201,251,219,174,146,123,135,115,123,107,106,110,107,99,82,84,76
3,1,0,2,8,24890.87,18.27,319,229,237,56,472,1679,600,1228,354,319,884,56,56,56,60,49,42,46,35,52,40,35,36,41,34,52,32,35,41,58,53,58,49,57,65,62,53,55
3,3,0,0,4,44275.35,14.16,224,151,192,44,371,1381,562,1052,320,313,910,37,34,45,47,33,32,16,37,17,28,25,23,24,21,28,34,37,43,48,43,43,54,49,53,58,56,42
12,10,2,1,3,64754.38,19.15,629,472,417,129,1366,3639,1241,1683,360,367,1179,82,76,97,121,133,128,124,94,70,88,64,55,36,74,60,70,76,94,115,127,110,122,113,147,97,113,98
17,13,3,1,5,40782.08,26.08,493,448,319,59,541,1763,679,1410,407,351,1060,62,81,65,111,92,95,109,91,68,56,70,60,66,47,47,52,49,54,56,55,59,58,53,63,73,62,62
2,2,0,0,2,42363.44,13.86,280,198,212,71,521,1959,727,1125,235,269,736,29,53,36,64,59,51,30,47,39,23,26,20,17,20,35,44,48,55,57,75,66,67,62,65,75,69,69
7,3,0,4,3,42732.92,25.08,317,397,335,38,386,1419,630,1198,344,399,732,44,46,63,64,59,49,73,67,58,55,59,74,60,54,59,55,59,43,49,51,48,42,58,44,52,54,54
1,0,0,1,4,20881.3,18.21,218,150,142,57,448,1310,402,624,185,191,530,30,41,29,36,45,37,33,17,30,27,19,24,28,23,29,20,26,30,28,39,28,40,37,36,35,36,44
2,2,0,0,1,73821.31,13.26,199,186,191,97,643,1893,650,898,211,200,821,26,40,30,46,31,36,25,26,35,27,26,34,37,22,34,26,37,31,43,36,54,47,50,66,56,58,61
1,1,0,0,4,32728.9,19.5,308,334,326,63,553,1831,743,1236,382,410,1040,52,53,46,70,53,66,53,51,70,47,52,40,49,61,58,57,44,62,66,58,54,57,58,60,47,52,64
0,0,0,0,5,20091.08,17.67,513,267,332,43,572,1999,841,1650,520,607,1167,71,87,102,93,87,72,56,42,44,40,43,33,45,51,58,50,68,52,81,88,82,69,78,85,69,91,78
13,4,4,5,3,20964.18,15.73,243,157,166,66,489,1496,533,926,292,259,1012,36,43,38,41,46,38,32,21,30,21,27,28,34,18,28,32,28,28,29,36,37,34,41,64,35,45,50
15,8,6,1,7,30678.46,22.16,327,375,317,87,641,1940,671,1143,271,253,869,42,45,55,67,59,72,59,75,57,56,60,56,57,59,51,56,43,55,59,66,61,63,62,47,56,61,62
19,11,3,6,8,15235.57,23.28,204,248,234,42,391,1270,481,682,172,162,630,28,27,45,38,35,35,33,45,52,39,44,44,46,44,41,38,31,33,41,37,43,35,44,41,40,38,40
4,2,2,0,5,30333.3,16.17,299,196,173,65,560,1728,638,1039,273,303,1032,53,42,54,50,59,58,45,49,34,18,25,27,19,25,23,32,37,29,31,49,47,47,49,54,63,61,54
1,0,0,1,7,41525.74,13.29,398,200,163,78,695,2136,865,1535,428,428,2332,60,70,72,84,63,53,39,45,28,27,26,22,19,23,41,27,32,32,32,39,42,33,63,64,67,66,87
2,0,2,0,5,31628.52,19.38,510,350,405,43,493,2006,883,1724,606,714,933,74,82,82,104,94,69,69,72,46,45,52,56,63,54,77,61,81,73,88,84,84,84,91,93,87,99,99
6,2,4,0,3,33318.08,31.23,256,430,353,80,629,1588,542,687,171,123,489,23,43,53,35,54,55,55,61,53,98,78,90,91,59,60,54,40,39,61,42,38,45,48,37,58,39,43
12,9,3,0,2,81672.2,19.1,255,251,203,62,621,1720,591,789,179,148,784,29,43,41,42,51,50,48,45,41,45,43,34,27,29,30,28,42,44,44,44,52,39,49,52,53,61,42
1,1,0,0,7,10497.7,18.66,303,241,246,25,313,1319,547,1148,369,519,645,48,44,54,55,67,60,49,45,37,32,34,47,35,37,34,50,48,52,53,41,51,53,62,63,58,60,48
0,0,0,0,10,14419.58,21.37,383,331,381,98,775,1816,614,978,233,245,932,54,54,76,77,76,54,55,55,53,59,43,53,53,59,59,64,65,69,64,65,64,59,53,61,73,39,68
4,1,0,3,3,33967.38,11.91,216,96,118,34,355,1213,528,1101,351,249,1470,40,30,35,38,56,27,27,17,9,15,11,11,13,20,17,18,23,28,28,30,35,38,14,44,41,42,46
13,9,2,2,4,39091.43,16.11,357,312,361,85,899,2602,884,1501,413,405,1165,57,63,58,69,59,69,45,55,54,51,52,60,50,63,49,73,53,79,71,73,62,73,84,68,76,90,72
11,11,0,0,5,46456.57,23.33,511,696,647,76,653,2532,1191,2277,722,724,1423,80,77,85,93,116,75,91,126,102,114,136,133,136,118,104,96,105,100,113,92,90,96,104,104,108,78,103
0,0,0,0,4,35326.81,14,253,167,185,43,434,1516,653,1193,385,396,1046,43,36,36,63,44,45,49,30,30,23,25,25,21,29,32,28,36,43,49,39,35,62,57,56,60,61,62
13,9,2,3,14,15807.35,18.8,425,327,339,53,491,1871,841,1590,483,521,1318,58,64,82,83,71,68,53,61,58,45,47,67,49,49,52,58,66,64,81,71,72,82,80,83,80,78,64
11,7,3,2,4,23568.36,18.89,295,214,248,29,316,1437,474,1266,388,344,676,34,51,46,58,53,50,42,53,33,38,28,35,31,48,43,42,40,45,50,40,48,48,47,68,49,57,50
2,1,0,1,5,47020.29,16.62,245,160,159,29,304,1215,477,1041,364,323,894,35,45,40,45,42,36,32,41,30,19,23,24,35,32,25,21,24,29,35,34,40,41,45,44,54,42,53
26,14,11,2,6,32777.06,19.06,439,469,386,151,1138,3394,1053,1460,353,247,1160,61,63,70,84,98,65,93,80,77,75,69,75,73,51,71,59,70,58,74,99,57,90,99,97,101,78,100
5,2,1,2,4,41515.97,18.46,400,314,322,103,871,2532,770,1315,316,303,1017,56,63,64,85,74,64,53,56,45,52,38,47,71,62,43,43,54,50,64,61,69,70,70,86,81,96,68
8,5,3,0,5,33810.6,20.65,353,373,329,81,653,2208,749,1320,347,310,955,57,66,47,68,50,67,53,73,54,53,81,54,67,49,53,48,54,58,64,62,70,68,69,63,72,70,61
26,15,6,5,5,31913.45,25.72,385,651,519,164,1165,3003,936,1194,239,188,813,46,60,87,61,60,80,99,98,86,123,114,138,116,98,80,82,81,62,73,99,73,80,92,92,85,89,90
1,0,1,0,4,36358.55,14.1,254,155,181,45,411,1483,570,1150,419,340,964,40,47,33,48,55,41,33,27,21,28,14,23,20,29,31,31,36,34,30,54,47,53,50,62,50,57,47
4,3,2,0,4,33002.39,14.82,233,124,121,45,387,1293,461,903,247,283,1088,49,46,31,48,34,29,27,23,24,17,18,20,16,23,17,19,21,22,23,32,34,34,52,36,33,51,43
1,1,0,0,14,18772.48,21.7,786,426,339,62,875,2671,973,1735,549,640,1548,110,109,142,153,131,147,108,83,53,46,61,41,47,58,47,49,64,64,71,75,70,80,96,85,74,104,94
13,11,0,2,6,31384.24,25.54,443,510,432,68,562,1924,819,1383,402,376,884,63,73,72,77,82,73,68,86,78,77,93,89,91,65,56,73,69,70,77,75,56,59,73,71,66,57,62
24,9,12,4,3,52694.52,19.57,398,351,302,100,882,2609,889,1100,241,241,1039,53,56,69,71,82,77,80,62,59,40,56,47,45,45,47,49,69,56,77,61,61,73,73,61,72,66,72
10,7,2,1,2,52579.02,21.03,306,305,231,70,632,1951,632,870,214,206,757,36,57,42,44,75,55,65,51,59,52,46,37,43,43,29,29,32,50,55,49,49,49,51,60,56,58,44
4,2,1,1,4,19433.83,22.28,277,240,218,17,341,1135,483,956,313,321,640,41,39,58,56,49,43,44,50,34,43,28,36,37,29,45,37,38,32,44,44,35,50,50,34,58,46,32
3,3,0,0,3,40501,17.01,229,191,224,45,493,1585,581,907,227,286,614,31,38,40,50,37,36,25,29,38,20,34,40,37,46,30,41,38,34,47,47,35,42,45,50,49,45,54
3,1,1,1,9,14555.87,21.89,306,302,225,52,515,1669,715,934,235,251,747,37,62,45,50,48,68,62,53,39,49,46,39,45,39,38,34,35,32,50,50,43,42,67,65,45,43,53
4,4,0,0,8,37736.26,16.91,324,188,205,47,406,1578,654,1186,366,371,935,40,49,61,66,46,59,50,32,40,32,19,27,25,47,36,34,39,32,46,59,42,56,60,47,64,48,53
3,2,1,0,23,7526,23.96,775,426,305,149,1062,2584,783,1234,373,381,1646,101,116,132,154,138,114,115,104,67,65,48,38,41,40,63,50,53,55,70,72,64,88,77,78,80,90,80
6,4,1,1,8,38092.14,16.54,352,170,145,55,461,1641,591,1087,300,282,1460,50,57,69,63,60,41,39,35,29,22,20,17,17,27,24,38,19,20,39,45,34,35,33,44,49,45,46
0,0,0,0,13,1836.58,21.07,104,81,75,4,47,314,127,395,152,158,162,19,16,20,19,24,14,17,16,10,8,12,10,15,12,8,9,21,11,20,21,14,13,21,23,17,17,20
1,1,0,0,1,25263.25,16.9,133,122,135,13,156,563,282,728,301,357,510,15,20,29,24,24,17,24,20,25,16,15,20,20,15,25,23,18,29,22,17,15,20,35,30,31,23,31
1,1,0,0,2,26320.98,21.81,175,176,201,22,208,836,364,800,225,266,465,20,35,43,30,29,19,42,22,27,22,41,30,53,33,33,29,31,27,30,23,33,26,30,32,37,51,39
14,6,5,5,6,30485.37,16.93,250,224,245,48,400,1446,613,1148,398,365,833,43,50,46,45,38,39,30,25,27,38,38,40,69,42,36,29,44,43,33,42,50,44,58,48,59,47,73
10,4,1,5,1,51624.02,14.43,300,177,167,61,582,1793,699,1204,341,297,1668,43,56,49,57,56,51,49,38,25,22,18,21,25,39,26,30,27,21,37,35,36,42,50,48,57,69,56
1,0,0,1,4,29925.65,13.55,318,197,215,68,661,2253,805,1322,314,346,1012,48,57,61,56,68,32,43,40,39,22,30,24,21,24,33,42,48,56,51,39,70,68,58,81,69,60,66
0,0,0,0,16,3395.82,18.44,335,153,158,39,451,1313,463,810,216,241,952,42,62,81,57,54,42,35,38,27,15,26,17,17,30,24,27,33,28,34,38,36,37,51,36,56,49,52
28,18,11,2,7,37865.4,14.82,442,237,290,61,699,2544,896,1655,473,493,1098,62,69,79,76,92,62,62,54,29,32,31,25,29,40,50,51,56,70,85,65,71,68,68,91,89,84,100
9,7,2,0,6,42286.23,16.55,498,324,352,44,598,2232,1018,2042,623,713,1019,60,90,85,106,96,77,73,58,55,63,45,31,36,58,53,62,73,76,73,70,79,90,71,86,96,84,89
2,2,0,0,11,42375.12,10.98,333,165,207,69,494,2028,895,2046,726,626,2227,54,47,64,66,60,43,24,32,29,22,34,27,24,28,36,35,34,52,51,56,50,69,59,74,61,93,81
0,0,0,0,4,34040.35,15.16,259,127,166,26,310,1239,487,996,345,322,602,39,44,54,48,44,29,21,31,22,25,13,21,23,28,17,33,36,27,35,57,28,54,49,48,57,40,59
4,4,0,0,4,48976.06,17.22,331,220,223,47,429,1578,633,1232,365,423,813,40,56,60,65,66,52,56,47,26,39,32,30,36,36,32,31,47,43,38,59,59,45,60,60,73,50,62
17,8,2,7,6,22479.14,22.33,420,480,377,102,637,2296,876,1520,427,435,1577,60,65,69,77,90,72,54,89,69,74,92,95,81,61,64,50,52,63,63,76,65,60,91,63,89,86,79
1,1,0,0,4,44188.43,14.35,261,149,216,36,341,1256,519,1264,476,428,876,43,41,54,51,46,30,37,29,24,24,20,15,26,30,29,33,56,49,46,42,40,56,55,59,43,46,68
3,2,1,0,1,68311.99,11.37,212,94,139,23,245,1005,530,1236,559,519,1406,31,38,48,43,36,30,18,16,17,16,6,13,16,19,23,30,27,27,42,41,39,38,44,50,36,55,43
3,3,0,0,2,21189.59,15.15,161,84,90,5,122,576,280,739,321,352,402,19,24,33,29,34,30,12,24,12,10,9,14,12,16,12,13,15,27,22,33,25,25,27,36,38,33,31
14,13,1,0,3,37875.37,30.17,924,1114,842,48,809,3062,1392,2548,733,707,1071,103,108,168,160,194,199,220,188,165,161,187,187,169,143,131,137,134,126,137,145,117,124,154,146,149,146,123
8,5,2,1,6,40618.87,18.75,345,177,182,46,410,1388,560,1003,302,328,761,39,50,63,60,66,50,33,41,31,27,19,23,27,22,39,28,31,36,39,48,51,33,54,41,56,59,62
14,8,7,0,2,17109.43,28.83,412,589,463,85,779,2056,753,922,159,135,555,50,43,74,82,76,92,112,105,92,81,106,90,100,80,76,70,65,69,88,100,86,77,95,94,69,77,63
4,2,2,0,9,2070.61,28.93,252,408,305,104,638,1637,483,706,150,97,555,40,19,41,42,57,68,68,71,72,58,53,88,70,55,51,38,44,40,46,39,48,47,40,48,37,39,40
9,5,5,0,8,33605.21,15.91,495,280,311,69,661,2312,1021,1955,550,647,1375,79,82,96,98,91,60,60,62,43,44,32,37,29,43,57,65,59,62,69,85,68,82,88,91,84,89,83
1,0,0,1,3,28612.55,15.3,387,211,231,45,414,1715,720,1573,680,685,1009,48,54,78,74,74,54,38,41,35,31,24,33,20,39,37,39,47,46,48,66,46,67,70,81,94,76,69
24,16,6,2,2,69139.09,28.13,422,523,434,36,482,1819,707,1119,319,273,430,40,63,74,86,98,75,91,83,84,72,91,106,91,77,84,54,58,64,60,63,71,61,75,71,77,67,77
20,15,3,2,3,33799.27,27.51,514,710,567,70,875,2655,920,1296,248,277,653,42,72,81,81,136,123,125,121,97,114,134,137,106,92,82,78,107,85,118,117,85,104,120,106,101,107,101
5,5,0,0,44,2409.66,17.94,362,245,260,43,576,1855,697,1134,280,293,661,50,66,58,73,76,41,59,47,47,38,43,23,31,39,37,51,46,55,53,58,49,55,64,64,63,69,81
10,9,1,0,5,50031.6,21.03,604,516,488,48,645,2626,1119,1863,568,575,873,83,90,105,125,103,104,98,95,81,73,88,77,87,94,83,83,73,85,98,91,77,102,96,127,115,96,119
1,0,0,1,5,22749.57,16.77,218,173,180,44,332,1146,469,980,314,365,638,38,31,31,43,37,42,29,37,22,31,23,27,21,25,30,32,31,37,31,45,35,53,47,40,41,49,43
18,8,9,1,3,50792.81,17.95,485,369,458,31,567,2349,992,1785,527,479,822,77,83,86,90,88,60,68,58,60,61,67,64,80,75,75,74,92,81,99,97,94,103,108,104,102,113,118
48,25,8,15,4,50439.74,23.92,571,588,525,51,719,2617,1038,1626,407,373,614,83,89,100,106,103,84,92,110,89,82,109,121,109,88,77,90,69,78,92,112,103,111,113,104,116,108,109
4,3,1,0,9,16222.84,14.53,485,315,307,70,767,2607,1080,2057,614,550,2067,64,85,79,100,88,65,64,64,59,36,49,40,49,50,44,50,53,63,69,83,94,82,83,96,97,95,94
4,2,1,1,15,8977.44,22.42,803,526,463,296,1310,3379,1053,1367,294,282,1563,98,132,140,150,148,137,120,103,94,69,69,64,65,77,74,86,71,92,98,106,92,98,106,108,87,97,91
0,0,0,0,10,4142,17.55,305,231,267,49,450,1667,659,1210,327,409,685,45,46,57,57,65,37,41,43,37,33,35,34,37,46,34,53,45,58,45,68,49,48,56,63,55,80,54
0,0,0,0,3,31841.3,14.96,276,173,153,39,438,1591,620,950,269,242,534,46,47,50,47,59,39,24,34,33,20,30,18,19,18,27,21,35,30,35,48,35,45,50,49,55,67,74
1,0,1,0,12,8088.01,15.95,321,166,190,37,385,1422,660,1193,379,397,934,44,56,52,65,61,50,43,37,37,19,23,13,19,25,42,33,43,39,33,46,42,45,54,66,61,48,64
0,0,0,0,11,7163.55,17.53,274,175,150,51,353,1312,527,1001,316,228,961,39,41,61,61,43,42,37,39,22,22,25,25,17,38,18,17,29,32,28,32,34,33,52,38,41,46,44
2,1,1,1,4,28012.17,25.64,597,773,713,94,935,3029,1185,1808,438,364,685,67,80,94,113,131,104,146,105,117,112,131,142,141,138,109,122,104,116,114,130,116,124,123,118,106,114,130
3,2,1,0,3,43578.3,13.42,385,222,364,83,884,2746,984,1502,381,464,1136,63,71,70,71,74,50,62,33,46,46,25,31,46,50,57,70,70,66,102,113,83,85,113,120,109,80,90
21,14,9,1,11,12298.72,26.12,684,859,788,152,1366,3844,1159,1477,296,246,1052,54,92,120,127,143,155,167,171,118,134,154,151,144,115,117,128,138,134,157,161,129,152,135,153,122,128,116
4,4,0,0,7,10704.08,16.33,339,238,258,22,368,1559,703,1508,559,572,839,39,55,59,75,47,64,46,46,39,34,35,37,35,35,46,42,47,54,49,50,61,74,74,71,69,68,70
2,1,1,0,10,16393.94,17.62,330,311,297,57,534,1834,753,1299,331,373,759,49,49,57,66,74,63,64,63,63,45,53,28,31,46,48,49,57,67,82,77,80,64,85,77,91,64,64
5,2,1,2,2,16293.87,18.2,382,280,375,79,595,1927,804,1421,466,502,850,53,59,69,73,80,72,57,59,43,38,37,43,64,69,63,53,81,52,77,68,71,76,82,87,90,66,86
12,9,1,2,9,20148.48,14.89,443,304,338,104,922,2919,1024,1524,399,397,1113,53,78,82,87,96,63,56,72,49,43,47,29,53,57,46,56,61,62,76,89,96,93,107,110,115,104,104
71,55,14,4,6,37625.55,23.85,707,664,502,185,1340,3475,1028,1470,431,318,1236,87,78,130,126,125,168,165,137,101,102,96,81,71,76,91,93,88,89,121,118,113,121,149,117,123,124,112
12,10,2,1,2,17199.99,16.71,267,210,201,46,462,1491,647,1127,289,358,691,30,45,43,47,64,41,41,33,25,31,33,39,27,35,33,35,45,25,39,41,52,48,47,45,64,61,54
6,3,1,2,12,8977.28,20.16,297,414,387,56,662,2065,784,1211,305,344,716,33,40,51,55,62,50,46,51,55,69,77,104,80,54,71,62,49,62,91,60,62,66,76,74,78,76,82
41,34,8,5,7,37423.62,16.2,507,313,337,67,746,2656,1002,1714,506,497,949,81,83,79,103,88,89,76,51,53,46,40,36,38,48,57,58,72,70,81,83,86,84,100,92,112,124,121
1,1,0,0,4,19242.35,17.75,339,266,337,21,286,1410,718,1527,602,723,679,52,53,70,52,72,44,57,46,38,41,42,49,55,52,53,44,60,73,61,56,65,79,75,57,69,78,62
2,2,1,0,4,43681.26,16.82,352,267,285,30,343,1529,724,1689,650,633,969,47,51,66,66,70,49,63,42,47,45,38,50,38,48,39,46,48,65,71,51,65,67,66,63,68,77,73
29,25,5,3,2,46997.62,25.45,397,449,371,52,615,1890,671,1063,287,318,602,42,59,61,69,82,74,74,73,67,69,78,74,92,65,69,62,56,49,64,56,43,65,51,72,76,65,80
2,2,0,0,5,24013.78,16.78,266,243,304,38,352,1376,672,1338,494,638,788,41,46,46,50,44,42,45,39,45,45,28,45,49,55,46,47,54,45,45,58,61,71,60,61,68,66,68
11,4,1,6,4,44395.88,16.82,300,244,261,62,568,1846,676,1159,308,399,901,48,48,53,57,50,49,43,47,37,37,45,40,39,43,44,37,50,33,65,51,53,58,70,52,60,56,66
16,4,8,4,8,23023.24,16.96,510,381,479,113,1194,3229,1071,1523,303,290,1448,77,77,99,99,77,96,86,77,59,61,53,53,69,71,78,87,92,95,98,115,102,109,97,122,109,111,111
3,3,0,0,17,7534.29,23.1,509,551,580,112,1030,2565,859,1372,353,388,1378,55,80,93,107,108,99,119,105,101,96,79,69,74,85,109,105,103,106,112,101,86,84,79,82,89,87,77
12,10,3,0,1,49037.74,21.04,486,400,373,44,571,1986,828,1629,584,620,723,79,82,79,79,96,85,73,99,56,59,55,60,55,62,57,63,66,70,67,78,63,64,74,76,81,77,82
73,45,10,18,9,39593.1,11.89,297,157,255,69,755,2128,808,1283,312,333,1249,43,59,53,43,56,40,20,36,30,26,25,20,22,35,53,53,48,50,57,68,60,90,97,82,82,82,100
11,6,3,2,16,10933.42,28.85,487,586,544,111,936,2484,669,1021,257,237,1087,48,74,76,88,108,112,116,89,99,76,105,111,119,85,90,85,85,78,77,68,82,76,71,65,65,80,56
10,7,4,0,12,16312.31,14.15,446,209,240,66,714,2311,929,1522,438,521,947,62,73,95,85,82,57,48,43,38,27,25,18,25,32,34,44,47,55,56,81,52,72,90,76,103,103,103
10,8,2,0,4,24953.3,21.48,488,455,425,53,474,1962,905,1875,615,815,894,76,82,83,97,74,82,103,93,52,65,77,64,79,79,68,72,64,65,67,85,80,62,93,67,84,99,78
15,9,4,3,4,35209.1,23.75,454,421,330,74,645,1919,719,1212,332,326,740,61,62,78,85,97,88,92,62,64,63,55,71,62,61,43,49,62,64,51,70,65,61,79,69,79,79,84
5,4,1,0,6,32483.2,14.98,325,191,208,36,464,1689,704,1235,346,379,695,51,60,57,60,61,43,40,47,27,32,26,19,36,16,30,49,43,40,61,58,52,60,71,72,65,70,79
1,1,0,0,4,12750.3,14.26,327,216,269,88,763,2326,849,1140,261,243,775,50,43,63,58,68,56,70,32,41,28,24,40,34,37,35,49,51,59,75,70,92,64,83,96,108,101,86
3,3,0,0,3,28084.96,18.96,276,227,282,37,341,1321,533,1057,330,393,590,36,42,56,46,66,33,34,60,36,42,31,30,32,46,49,46,50,63,48,56,48,49,54,60,55,67,48
4,2,1,1,3,21646.32,18.07,251,185,214,17,280,1129,484,1025,349,407,600,28,52,53,43,48,34,29,26,29,34,27,27,29,40,41,41,29,32,35,43,39,51,44,57,59,56,50
14,8,3,3,11,12888.5,18.53,436,449,476,125,990,3044,1131,1471,368,355,1030,78,79,66,77,75,59,61,76,63,71,72,123,94,67,71,72,82,82,96,88,104,100,102,109,100,122,109
6,6,1,0,4,27145.97,20.95,458,406,398,39,506,1932,848,1621,496,603,816,65,71,72,90,91,81,71,83,68,73,64,53,60,67,65,62,76,73,81,87,66,73,65,79,71,85,62
2,2,0,0,7,23669.97,18.11,581,390,491,32,460,2216,1047,2391,930,1102,1161,86,82,105,116,110,109,59,72,63,61,68,79,59,76,82,74,99,92,90,105,104,90,111,118,85,109,109
27,20,4,3,7,27042.17,21.13,571,570,551,95,954,3099,1157,1961,543,569,1045,85,90,103,112,112,66,71,98,82,78,98,130,139,106,97,81,78,87,86,121,86,107,129,123,148,123,133
4,2,1,1,6,15639.38,19.5,188,171,212,32,286,946,405,773,222,274,581,31,26,41,24,40,33,19,27,29,30,30,32,28,45,26,35,39,41,27,38,44,40,40,35,51,39,41
2,0,0,2,9,4970.27,18.84,362,276,318,38,388,1564,751,1374,410,361,605,49,51,71,70,78,46,60,50,42,37,47,46,53,54,53,59,48,60,58,60,57,69,74,60,65,67,65
1,0,1,0,20,1549.69,22.23,228,199,203,56,362,1265,431,721,216,201,452,29,31,47,42,47,40,35,33,27,25,36,40,54,32,43,29,26,26,23,28,36,35,28,37,36,36,43
9,1,4,4,5,30572.49,18.96,210,204,200,33,253,1142,471,940,279,351,617,29,29,35,35,47,36,44,49,29,33,31,30,36,40,29,34,38,32,39,40,42,55,38,44,50,43,53
0,0,0,0,1,6430.66,21.93,165,152,140,37,305,912,350,489,120,115,316,25,26,26,26,29,24,22,28,32,17,21,36,29,19,27,17,25,20,24,19,23,28,29,27,28,31,35
24,22,2,0,3,14464.16,25.5,561,652,624,141,1253,3299,1053,1512,358,385,1024,82,89,104,94,95,95,94,97,98,94,130,127,143,130,92,96,99,73,104,92,91,100,103,85,92,107,103
8,6,2,1,6,14221.96,25.97,668,774,632,83,969,3135,1162,1809,454,458,859,99,77,136,130,136,111,127,130,116,117,112,155,134,113,110,90,108,72,107,92,86,90,96,108,99,106,114
42,22,22,3,11,20951.77,12.25,225,190,239,72,526,1675,728,1423,515,494,1666,32,38,34,43,45,41,41,36,32,25,30,28,30,33,33,52,58,42,71,51,49,60,66,64,60,56,57
2,2,0,0,6,18156.05,18.93,376,338,345,35,386,1568,723,1614,659,799,818,54,54,77,63,78,51,62,63,67,49,49,49,60,54,56,61,55,62,57,64,77,79,78,68,63,80,81
9,8,2,0,3,37468.7,19.84,494,377,396,29,410,1776,784,1829,744,936,777,78,77,92,89,100,79,62,77,62,57,59,71,59,54,61,60,69,79,75,75,71,77,99,84,110,86,77
9,7,1,1,8,11541.85,15.36,448,251,253,34,413,1789,853,1777,642,906,964,77,63,70,86,95,63,82,59,36,30,32,24,30,25,36,49,54,49,74,65,66,72,78,90,83,96,72
5,4,1,0,12,14684.35,19.41,543,410,373,73,663,2329,1013,1894,597,703,1041,70,106,88,113,79,82,76,80,61,58,73,69,57,61,62,54,55,74,83,79,76,81,91,90,98,99,116
13,6,5,2,8,8303.66,15.19,560,355,358,128,1141,3364,1205,1756,498,465,1406,80,86,101,96,111,98,65,68,68,52,49,38,53,48,52,66,70,77,103,101,101,109,133,141,137,129,135
10,9,0,1,1,5488.76,14.95,401,211,246,62,739,2338,856,1328,292,341,876,63,52,93,82,66,46,56,43,32,27,32,34,20,41,38,36,48,63,44,72,63,85,78,78,76,81,103
4,3,1,0,12,15726.14,20.37,496,402,402,90,796,2459,902,1605,464,584,1004,45,82,86,83,109,108,78,86,57,56,53,66,62,61,77,60,68,64,79,92,77,96,83,105,90,97,85
6,1,0,5,20,1495.71,17.29,168,132,114,46,295,940,348,637,165,235,536,18,33,25,33,37,28,27,26,17,14,29,22,14,18,19,21,27,21,24,31,24,25,39,32,43,45,35
27,13,10,7,3,37505.52,16,368,211,245,90,656,2047,701,1267,388,485,931,45,66,62,66,68,59,46,39,32,32,32,35,32,36,44,30,50,50,84,63,64,72,59,87,75,68,70
8,6,3,1,4,21795.34,16.98,393,350,293,144,951,2704,899,1431,359,385,1080,60,60,74,80,61,72,92,80,49,44,50,47,36,42,44,45,51,72,69,81,61,94,94,80,81,82,89
16,11,8,0,6,20028.69,19.15,358,269,257,64,538,1843,667,1149,348,429,787,54,52,56,83,58,57,69,49,31,36,36,43,37,43,48,45,51,42,56,43,46,50,70,62,70,82,70
16,7,8,1,7,1952.55,17.17,357,247,259,70,695,2072,717,956,206,213,722,53,48,54,72,82,47,64,52,36,43,50,29,35,37,38,50,42,45,56,47,73,76,72,85,75,83,97
10,5,3,2,13,18766.65,18.14,425,314,365,108,791,2489,905,1400,356,372,807,74,74,58,75,75,58,50,50,49,48,63,55,70,53,61,60,65,68,69,74,83,65,89,82,99,89,76
6,5,4,0,10,22977.47,18.05,247,187,239,58,433,1401,550,960,265,303,805,31,46,42,46,51,39,26,30,42,21,29,40,35,48,34,48,39,28,34,41,34,44,39,48,44,44,63
1,1,0,0,3,2934.08,20.78,426,392,390,62,621,2156,836,1433,403,433,800,57,67,80,86,66,74,52,71,56,55,61,80,69,64,82,52,57,69,66,80,72,76,69,68,75,66,78
4,1,0,3,8,39115.16,17.12,299,227,261,94,687,1976,729,1024,270,267,726,32,55,61,55,52,45,43,41,33,36,30,51,47,43,51,31,50,41,57,56,53,69,61,68,53,63,74
6,1,2,3,10,7023.4,16.6,178,150,150,40,386,1078,416,757,215,187,363,13,37,28,30,45,23,33,23,28,20,29,25,24,25,26,25,23,28,25,36,28,33,35,52,32,52,43
1,1,0,0,9,1132.17,16.69,290,213,219,26,408,1486,617,1018,338,341,616,31,48,53,57,57,40,38,38,29,29,42,29,40,41,27,51,36,33,53,52,49,59,71,62,67,76,77
10,10,0,0,8,4054.26,16.12,217,155,214,33,431,1412,530,907,272,318,716,33,39,48,41,37,36,26,28,21,29,19,28,39,37,34,32,29,39,40,41,41,46,48,43,52,60,45
22,17,1,4,5,47356.86,18.37,268,251,255,88,622,1741,558,997,261,255,598,30,47,44,52,58,37,53,33,42,37,36,44,39,46,53,47,29,42,53,50,51,62,55,71,74,76,53
6,6,0,0,2,39170.1,16.3,212,169,234,67,431,1381,497,946,270,328,649,28,32,42,42,37,22,30,30,29,18,29,33,51,28,33,44,39,39,41,47,45,52,39,49,40,52,49
4,3,1,0,1,48186.25,16.52,285,194,260,50,501,1580,636,1131,369,433,739,38,63,54,66,51,37,22,34,25,33,36,34,58,39,41,53,37,39,58,48,45,47,59,62,49,54,60
17,8,4,5,4,42685.25,19.64,572,444,390,118,963,3105,1001,1730,441,475,1071,69,86,97,97,122,99,83,80,76,57,70,69,72,64,54,71,61,67,91,73,78,95,96,84,102,113,99
0,0,0,0,32,1741.39,12.32,106,89,83,66,357,1045,344,476,130,88,463,11,21,15,19,22,26,19,16,12,11,13,5,6,8,16,12,22,18,25,30,22,27,32,38,31,22,27
0,0,0,0,22,1345.52,14.46,138,102,103,46,311,1010,295,637,198,186,451,20,23,24,29,26,19,20,10,19,19,17,18,13,17,20,14,19,20,31,23,35,28,34,36,27,39,42
0,0,0,0,9,1370.88,25.09,188,151,121,13,105,515,237,562,205,261,263,16,23,31,41,32,34,25,26,18,30,21,23,17,15,18,19,21,21,18,20,23,28,30,22,27,32,21
21,15,3,3,6,24398.61,17.82,345,316,304,99,727,2267,773,1278,288,287,778,41,49,78,56,62,67,66,59,47,43,55,47,43,47,52,61,49,59,58,66,53,77,82,75,85,77,78
9,7,1,1,4,21327.92,24.92,434,575,481,75,683,2084,897,1511,460,483,780,47,67,78,94,78,71,90,77,90,97,92,119,105,83,82,62,85,65,75,85,76,78,73,84,87,76,86
15,12,2,2,3,14843.52,28.75,384,429,387,57,493,1586,649,1054,284,336,469,40,49,66,78,80,62,57,81,54,77,87,80,84,68,76,47,52,67,62,48,46,49,54,53,58,50,63
0,0,0,0,20,1889.58,12.85,234,140,222,12,171,1040,466,1215,707,841,728,38,37,45,38,48,27,32,24,17,23,24,22,23,35,43,35,39,56,53,82,53,73,77,60,74,56,78
24,17,2,6,3,55252.5,30.16,517,724,588,53,610,2107,991,1595,504,566,756,65,82,87,103,97,98,95,117,114,127,128,149,118,114,97,105,74,78,85,80,61,64,94,85,87,78,77
2,1,1,0,3,44426.91,18.28,433,385,374,114,794,2563,956,1533,441,501,1079,46,83,74,80,85,66,65,74,53,56,60,69,61,70,65,48,61,74,75,77,85,78,96,80,93,104,85
0,0,0,0,11,1971.38,17.44,384,381,387,56,607,2306,911,1553,506,430,864,60,71,63,73,69,46,51,59,70,54,69,67,88,49,59,68,62,64,66,84,84,85,89,87,101,95,90
0,0,0,0,19,1968.86,13.84,370,171,261,18,246,1354,678,1523,776,933,1334,56,64,65,77,69,43,18,34,30,22,34,27,21,41,44,51,57,51,73,65,65,59,84,88,80,80,91
17,10,7,1,2,38739.92,19.97,322,283,268,70,633,1866,639,1042,219,236,594,37,40,52,52,74,68,53,52,49,50,44,38,48,41,46,51,41,43,53,58,35,50,45,72,64,65,60
20,11,6,3,15,11260.4,19.14,332,316,242,93,649,2035,704,1155,291,281,654,42,57,58,65,70,43,60,56,52,40,53,49,51,30,43,36,37,39,58,50,65,55,74,70,66,79,61
18,11,5,2,3,32518.62,21.91,393,416,361,83,751,2238,803,1247,252,283,699,52,71,66,66,69,75,80,79,59,57,72,75,64,53,62,63,68,56,70,76,70,65,74,89,80,93,76
2,1,2,0,4,12887.39,27.94,369,517,391,50,486,1641,687,1222,347,372,540,52,63,57,77,64,61,42,83,75,81,99,110,92,57,57,64,59,53,57,54,45,53,55,46,49,68,62
22,10,8,7,6,24939.86,21.89,300,306,288,85,621,1891,666,879,196,197,624,33,36,48,60,63,60,71,58,50,47,46,45,62,41,51,39,46,47,56,53,52,65,56,73,52,57,54
11,10,1,0,2,43441.85,30.55,504,687,541,82,689,2143,887,1393,391,444,632,61,72,87,107,98,95,102,106,121,113,111,120,142,106,83,73,68,75,74,64,74,67,66,83,70,65,64
12,11,2,0,7,28053.48,20.45,406,441,416,107,784,2455,999,1531,393,487,859,48,62,88,89,77,64,89,65,76,69,73,68,91,68,62,73,63,71,71,87,72,98,90,79,85,79,82
8,8,2,0,5,43889.63,28.94,312,491,356,85,512,1593,620,924,243,305,522,29,49,57,53,73,76,59,89,69,79,90,100,82,62,55,38,50,54,49,57,56,62,54,46,69,43,56
16,9,2,5,7,20020.91,18.47,430,370,343,151,922,2768,815,1296,333,351,1000,49,66,78,75,98,76,59,79,62,57,53,58,57,46,63,56,54,72,96,78,64,87,97,94,80,85,89
12,5,5,2,6,7136.26,19.32,469,369,416,105,822,2748,908,1499,371,342,778,65,85,91,96,66,75,53,57,61,44,62,66,91,70,68,64,59,77,80,92,80,81,91,96,95,118,82
7,7,1,0,5,28148.14,25.24,544,779,636,103,848,2712,1121,1911,575,695,950,77,104,86,88,110,92,91,131,124,118,135,158,139,105,105,94,99,84,101,95,99,72,105,94,107,91,97
52,28,25,8,9,36164.95,24.02,569,579,560,160,1040,3314,1023,1547,335,355,1098,88,81,89,103,103,109,91,106,84,110,84,123,128,95,106,83,78,89,90,92,98,97,111,103,89,117,90
9,6,2,1,20,7179.8,18.26,722,542,515,79,830,3160,1355,2607,1039,1165,1372,90,112,140,122,148,121,123,111,92,73,72,66,68,84,98,92,87,95,126,130,95,89,134,130,156,127,149
29,15,15,1,7,41512.03,20.73,379,386,378,118,877,2618,883,1213,274,243,806,49,56,61,73,78,59,58,73,57,53,73,70,89,74,63,47,60,53,67,70,73,86,86,88,90,86,102
4,0,0,4,12,9337.79,23.18,257,338,280,105,451,1326,554,898,263,323,430,30,48,45,43,50,39,45,61,56,59,57,51,61,42,59,43,49,38,48,45,45,49,55,50,52,45,56
0,0,0,0,5,19829.46,20.08,412,437,454,127,928,2887,918,1321,287,282,737,49,73,71,87,73,88,62,76,79,63,58,80,88,88,66,73,70,71,72,92,96,99,80,103,104,84,86
0,0,0,0,15,1480.06,16.34,290,242,280,71,470,1671,649,1221,430,483,795,50,61,46,47,56,34,33,45,34,37,46,38,51,41,50,40,56,53,58,66,55,67,64,82,74,60,81
3,2,1,0,9,10780.1,23.84,553,559,434,378,1045,3087,788,1229,276,287,1236,76,86,98,92,110,96,101,105,86,98,85,93,65,86,85,57,70,67,82,66,89,88,80,84,82,83,90
4,3,0,1,6,40303.98,12.6,432,270,395,49,549,2419,1100,2463,984,1045,2048,64,63,86,68,85,64,47,57,43,36,48,41,61,53,63,70,71,80,74,117,89,104,99,109,107,97,144
26,22,5,3,8,43065.36,16.9,515,351,391,81,710,2446,999,1910,700,731,1189,69,92,75,109,88,95,84,70,67,46,51,34,53,57,76,66,68,81,98,83,92,102,101,115,105,132,90
3,2,0,1,7,3522.68,17.56,235,259,295,63,528,1674,630,1089,305,353,479,40,40,48,40,46,29,36,47,41,39,48,55,59,56,46,42,52,36,52,68,75,69,73,61,58,67,81
19,11,4,4,10,8439.29,16.44,324,254,274,58,512,1722,702,1325,451,485,857,40,38,69,67,56,52,52,45,36,45,34,40,41,45,42,54,47,57,74,76,68,77,75,74,70,68,79
7,7,0,0,14,6016.66,15.2,603,371,445,128,1061,3427,1335,2221,671,691,1601,75,111,106,121,100,101,62,85,54,46,46,52,58,69,66,92,71,101,99,108,130,120,131,141,140,126,157
1,1,0,0,6,27777.78,14.86,337,222,323,66,566,2059,840,1512,467,505,1120,52,69,58,64,51,51,25,45,37,44,40,39,57,48,60,53,58,46,60,67,69,80,86,83,87,89,94
17,15,3,1,9,32687.36,16.16,348,246,324,56,500,1869,852,1489,450,445,1170,51,56,64,65,71,52,51,44,45,34,33,41,51,51,57,45,61,64,64,82,58,78,83,94,73,73,69
0,0,0,0,35,975.07,11.79,76,39,80,26,169,542,227,437,149,224,292,12,12,13,19,19,6,5,7,10,6,8,6,8,13,16,12,18,13,17,26,13,26,24,26,22,29,24
1,0,1,0,2,6872.91,21.73,394,231,203,26,259,1186,560,1068,400,452,516,40,66,64,82,78,74,75,48,39,39,21,25,22,29,41,37,39,41,45,47,40,48,53,60,42,46,59
14,12,1,2,4,42806.96,15.55,239,166,171,33,279,1230,500,1002,357,435,605,35,36,38,45,49,37,52,32,29,24,22,14,17,25,23,28,48,27,45,39,41,42,35,37,54,71,52
0,0,0,0,15,789.41,13.66,69,42,51,12,64,315,164,370,158,179,206,14,12,13,10,12,8,6,13,3,7,6,2,5,10,10,8,6,10,16,9,14,17,21,13,24,21,19
1,1,0,0,34,2876.77,19.24,475,407,372,64,576,2061,916,1718,637,688,908,53,90,88,83,80,78,89,86,51,64,72,67,61,59,64,51,60,70,91,91,103,84,86,95,86,88,104
0,0,0,0,15,3719.4,20.65,385,367,407,99,864,2430,750,1250,304,264,826,52,59,61,71,66,75,65,71,64,56,58,73,74,67,59,81,65,58,91,58,70,84,74,65,92,94,75
1,1,0,0,19,5836.99,19.91,513,576,434,156,967,3190,1089,1805,445,504,1286,70,74,88,104,108,76,104,91,97,80,90,113,75,74,62,72,86,73,93,101,107,103,127,116,126,102,123
0,0,0,0,26,2013.4,13.56,163,95,109,36,291,868,406,725,267,208,689,14,32,41,30,26,20,20,17,17,13,22,12,14,15,17,14,20,24,28,26,24,38,34,34,37,37,45
6,5,1,0,5,8668.02,21.53,335,236,182,68,469,1338,527,832,231,234,479,32,38,67,61,81,63,86,52,42,31,29,32,13,33,34,32,30,33,66,53,49,40,45,45,51,50,64
0,0,0,0,2,58975.8,18.69,437,273,267,51,448,1740,781,1383,499,529,716,50,63,63,78,100,85,70,61,40,41,39,31,29,43,45,53,55,44,57,75,65,70,91,69,72,86,73
0,0,0,0,6,4915.33,13.85,316,185,299,52,443,1703,705,1453,553,555,795,51,51,58,60,70,39,26,29,34,30,35,30,40,41,48,49,52,66,65,68,64,69,67,72,80,92,92
17,13,3,2,19,17564.39,13.41,329,199,247,96,591,2161,834,1458,394,382,1513,60,44,64,64,64,37,43,40,41,34,26,27,21,31,43,38,48,54,52,81,73,55,85,90,90,86,97
0,0,0,0,5,27784.63,16.57,298,199,211,50,421,1512,593,1126,382,372,704,45,41,55,54,56,62,35,43,37,34,24,24,25,31,32,41,47,38,42,47,41,59,63,53,59,60,64
3,2,2,0,6,17054.93,13.97,344,222,302,65,620,2043,851,1518,470,497,930,58,51,54,61,51,63,56,48,38,31,22,22,29,39,46,56,73,75,77,70,76,83,90,67,105,72,83
0,0,0,0,11,5122.77,13.36,264,169,246,38,440,1519,671,1287,493,500,815,37,44,49,59,53,36,23,42,32,20,25,29,28,31,45,39,47,56,63,61,63,66,64,67,74,81,66
0,0,0,0,56,152.07,15.5,79,54,66,4,47,303,144,426,183,253,222,5,11,18,13,13,19,8,16,9,7,7,11,8,11,12,9,13,14,17,18,17,18,19,15,14,15,15
0,0,0,0,26,1422.81,11.65,131,75,97,53,292,983,325,657,226,293,769,18,26,27,27,17,16,9,11,11,15,14,9,11,16,19,16,12,23,28,32,43,37,33,31,26,29,48
0,0,0,0,3,2852.61,15.06,198,92,126,18,218,847,372,758,350,365,393,21,24,38,35,42,37,31,15,18,14,12,9,12,17,22,20,32,18,28,30,39,32,40,42,35,34,40
0,0,0,0,44,475.91,11.14,96,55,100,16,111,593,221,612,333,304,296,12,19,19,21,14,19,15,9,9,5,11,6,5,16,22,15,18,26,33,25,33,30,24,25,37,40,27
0,0,0,0,36,240.87,12.88,66,43,70,0,65,329,146,391,177,278,200,13,12,9,7,12,8,4,12,4,9,9,6,11,7,14,15,10,13,17,18,19,18,22,16,27,22,29
0,0,0,0,3,286.58,15.24,73,42,58,9,62,282,140,290,166,171,130,7,8,17,13,14,17,18,7,6,5,8,4,6,2,11,13,12,12,20,15,10,12,13,16,13,11,18
0,0,0,0,61,138.88,11.09,75,30,53,5,70,371,171,419,177,265,225,4,16,12,18,12,9,1,4,4,5,11,7,8,5,10,11,3,15,20,14,25,19,31,18,21,19,18
0,0,0,0,47,57.95,10.1,38,22,29,2,39,199,92,268,113,153,141,7,11,9,2,3,6,8,6,3,4,3,1,4,3,4,3,6,12,8,11,10,7,10,5,14,15,12
